username;date;retweets;favorites;text;geo;mentions;hashtags;id;permalink;
;30.11.17 17:57;0;0;# lovejihadfight;;;#;9,36E+17;https://twitter.com/sc_sawhney/status/936277954534957056;
;30.11.17 15:17;0;0;"http://www.saamana.com/hindu-jagran-manch-set-target-to-convert-2100-muslim-girls-in-hindu-marriage-love-jihad/ … हिंदु जागरण मंचाने लव जिहाद संदर्भात केले वादग्रस्त वक्तव्य; वाचा सविस्तर # lovejihadfight # Jihadist # marriage # Muslims";;;# # # #;9,36E+17;https://twitter.com/Saamanaonline/status/936237876995485696;
;30.11.17 08:17;0;0;LOVE SANGRAM # Navsarjan_With_Congress # lovejihadfight # ThursdayThoughts # SomnathTemple # Rajasthan https://twitter.com/esotericright/status/936110666372472833 …;;;# # # # #;9,36E+17;https://twitter.com/dpka102/status/936132070513950720;
;29.11.17 20:50;0;1;# LoveJihad கேட்டுக்கங்க முட்ட பிரியானி நக்கிவுளா.. # lovejihadinkerala # lovejihadfight pic.twitter.com/5zNLNYllJr;;;# # #;9,36E+17;https://twitter.com/1483siva/status/935959218942763008;
;29.11.17 08:43;0;0;I asked for # freedom , but I'm not # free even now: # Hadiya https://youtu.be/QsRPbNCo1Uk # LoveJihad # lovejihadfight;;;# # # # #;9,36E+17;https://twitter.com/ANI_multimedia/status/935776323104006144;
;29.11.17 05:53;0;0;@ SudarshanNewsTV @ republic Another case of # LoveJihad . Where is @ ravishndtv @ ndtv ? Mr # ravishkumar pls Design this story and present to # Primetime . Really another game of terrorists to kill # Hinduism by # LoveJihad . # lovejihadfight # BanLoveJ;;@ @ @ @;# # # # # # #;9,36E+17;https://twitter.com/Vijapandey/status/935733478884282369;
;29.11.17 05:08;0;1;मुसलमानों ने लव जिहाद नहीं रोका तो हम बजरंग दल के लड़कों को भेजेंगे... - विश्व हिन्दु परिषद यहाँ पढ़िए https://goo.gl/VktQfm # LoveJihad # lovejihadfight # VHPpic.twitter.com/BBVklJm3Yh;;;# # #;9,36E+17;https://twitter.com/SamacharEarth/status/935722083098812417;
;28.11.17 17:26;0;0;When you can believe in a imaginary uniform religious system its easy to believe in # lovejihadfight # lovejihadinkerala # LoveJihad;;;# # #;9,36E+17;https://twitter.com/KrishKrushik/status/935545330220777472;
;28.11.17 11:54;0;0;# Kerala # LoveJihad: # Hadiya’s father expresses his faith in SC’s judgement - ANI News http://bit.ly/2k7o1c0 # SupremeCourt # lovejihadfight # lovejihadinkerala;;;# # # # # #;9,35E+17;https://twitter.com/ANI_multimedia/status/935461801524805632;
;28.11.17 07:15;2;1;लव जिहाद मामला: हादिया ने # SC में कहा- मुझे चाहिए आजादी http://www.punjabkesari.in/national/news/hadia-demands-independence-from-supreme-court-713315 … # LoveJihadFight # LoveJihad # SupremeCourtpic.twitter.com/LJdGqJEP8H;;;# # # #;9,35E+17;https://twitter.com/punjabkesari/status/935391556588126208;
;28.11.17 04:26;0;0;# lovejihadfight pic.twitter.com/s3Fiuk2no5;;;#;9,35E+17;https://twitter.com/balakr2020/status/935349086852665344;
;27.11.17 16:11;0;0;Muslims gave threats to her Family so she gave false statement. # lovejihadfight;;;#;9,35E+17;https://twitter.com/rahoulteli/status/935164131870568448;
;27.11.17 14:27;0;0;SC Frees Hadiya From Parents’ Custody, Sends Her to Resume Studies https://in.news.yahoo.com/sc-hear-love-jihad-case-024549380.html?soc_src=social-sh&soc_trk=tw … via @ YahooIndia # LoveJihad # lovejihadinkerala # lovejihadfight;;@;# # #;9,35E+17;https://twitter.com/beingvick/status/935137896897568770;
;27.11.17 10:35;0;1;# KeralaLoveJihad matter- # Hadiya arrived at Chief Justice of India Dipak Misra's courtroom for hearing. # HadiyaWillSpeak # HadiyaCase # Kerala # lovejihadfight # lovejihadinkerala;;;# # # # # # #;9,35E+17;https://twitter.com/20Sheenu/status/935079731606708225;
;27.11.17 06:21;1;0;Brahmin girl converted into Islam at kasaragod Kerala # lovejihadinkerala # LoveJihad # lovejihadfight ಶ್ರುತಿ ಭಟ್ ಎನ್ನುವ ಹವ್ಯಕ ಹೆಣ್ಣುಮಗಳು ರೆಹಮತ್ ಆದ ಕಥೆ! - Read more: http://tulunadunews.com/?p=6237;;;# # #;9,35E+17;https://twitter.com/pysgirish/status/935015794651537408;
;27.11.17 05:17;2;3;मस्तानी की बाजीराव से शादी Love Jihad नहीं,सोहा अली खान की कुणाल खेमु से शादी Love Jihad नहीं,सागारिका घटके की जहीर खान से शादी Love Jihad नहीं, तो फिर Hadiya की शाफीन से शादी # LoveJihad क्यों ? # lovejihadinkerala # lovejihadfight @OfficeOfAS_ @ akramtyagi @ ShayarImranpic.twitter.com/lOFZ6FbnNQ;;@OfficeOfAS_ @ @;# # #;9,35E+17;https://twitter.com/drmimranqureshi/status/934999582739652608;
;27.11.17 04:52;1;0;# LoveJihad case: # Hadiya to appear before # SupremeCourt today http://www.dtnext.in/News/National/2017/11/27085516/1053579/Love-Jihad-case-Hadiya-to-appear-before-Supreme-Court-.vpf?TId=112131 … # HadiyaCase # HadiyaWillSpeak # lovejihadfight # lovejihadinkerala;;;# # # # # # #;9,35E+17;https://twitter.com/dt_next/status/934993185729687552;
;25.11.17 18:17;1;2;கணவருடன் சேர்ந்து வாழவும், இஸ்லாமிய மதத்தில் தொடர்ந்து இருக்கவும் விரும்புவதாக ஹாதிய நீதிமன்றத்தில் பதில். # LoveJihad # lovejihadfight # lovejihadinkerala # lovejehadcase # Hadiya # SupremeJudgment # Islam # Muslimspic.twitter.com/EdQgBgaIBL;;;# # # # # # # #;9,34E+17;https://twitter.com/Saifu_sh/status/934471115447050241;
;25.11.17 17:09;0;0;I Support Hadiya... Her voice must be heard on... Justice will not be blind!!! Judicial is still alive I think so!!! # Hadiya # lovejihadfight # Religion # Keralagirl # Justice # Judiciary;;;# # # # # #;9,34E+17;https://twitter.com/Anto_M_Thomson/status/934454090834132997;
;25.11.17 04:25;0;2;इश्क का मजहब ना मिला हमे जब दिल मिले एक दूसरे के हमे एक नज़र देखिए क्रिकेट की दुनिया मे # lovejihadfight करने वाले ना यह हिन्दू है ना मुस्लिम सिर्फ हिन्दोस्तानी है @ DrKumarVishwas https://hindi.news18.com/amp//photogallery/sports/cricket-8-indian-cricketers-who-chose-spouse-from-different-religions-1176889.html …;;@;#;9,34E+17;https://twitter.com/nashir_s/status/934261662101602304;
;24.11.17 00:08;1;0;# LoveJihad # lovejihadfight Hindu girl Neelam married Muslim BF Hafeez. He dumped her after having 3 kids. She died of disease. Her poor father begged for funeral. https://m.bhaskar.com/uttar-pradesh/news/UP-LUCK-retired-railway-worker-begged-for-help-to-cremate-young-daughter-5752289-PHO.html?ref=gamp …;;;# #;9,34E+17;https://twitter.com/amitvikram108/status/933834592452096005;
;23.11.17 12:53;1;1;हिन्दूओ अपनी बच्चियों को सनातनी संस्कार दो नही तो बड़ी होकर गौरी खान किरण खान और करीना खान बनेगी और फिर # तैमूर ही पैदा करेगी # lovejihadfight;;;# #;9,34E+17;https://twitter.com/Ramkish23258981/status/933664891919065088;
;22.11.17 06:50;2;19;Will be live on @ ZeeHindustan at 1 PM # LoveJihad # lovejihadfight;;@;# #;9,33E+17;https://twitter.com/Amberological/status/933210967684419584;
;22.11.17 06:45;1;0;SC refuses urgent hearing on plea by father of # Kerala woman seeking in-camera interaction with her in the # LoveJihad case # lovejihadfight;;;# # #;9,33E+17;https://twitter.com/fpjindia/status/933209898292166656;
;22.11.17 06:36;12;13;क्या लव जिहाद के नाम पर हिन्दू लड़कियों से साथ धोखा धड़ी हो रही है? # LoveJihad # AajKaAgenda # lovejihadfight @ RSSorg;;@;# # #;9,33E+17;https://twitter.com/Zee_Hindustan/status/933207450534141952;
;21.11.17 09:34;0;0;लव जिहाद को देश की भांड फ़िल्मी बॉलीवुड एक साजिस के अंतर्गत प्रमोट कर रही है जिसका असर समाज में हो रह है ..लव जिहाद एक सच है और भयावह साजिस है जिसकी अनदेखी हिंदुत्व के अस्तित्व पर करारा चोट कर सकती है # lovejihadfight # LoveJihad;;;# #;9,33E+17;https://twitter.com/AlokSrii/status/932889983769198592;
;21.11.17 07:03;0;0;लव जिहाद: एक सच या है कोई कोरी अफवाह -धर्म परिवर्तन http://www.newsofrajasthan.com/love-jihad-there-is-a-truth-or-rumor/ … # NOR # newsofrajasthan # LoveJihad # lovejihadfight # lovejihadkajaal # lovejihadinkerala;;;# # # # # #;9,33E+17;https://twitter.com/NewsRajasthani/status/932852018481307648;
;20.11.17 16:40;0;0;@ indiatvnews @ republic @ TimesNow Why # Indians are focusing on # padamavati while not focusing on # lovejihadfight # Keralahttps://twitter.com/SudarshanNewsTV/status/932626847027908610 …;;@ @ @;# # # #;9,33E+17;https://twitter.com/Vijapandey/status/932634650756792320;
;20.11.17 12:47;3;1;क्या समाज में है, लव जिहाद का वजूद ? # lovejihadfight;;;#;9,33E+17;https://twitter.com/zeesalaamtweet/status/932576094649163776;
;20.11.17 02:56;0;0;# Padmavati # lovejihadfight ...these are employing our youth.;;;# #;9,32E+17;https://twitter.com/Critic2015/status/932427474952245248;
;19.11.17 17:24;0;0;# lovejihadfight @ narendramodi @ rajnathsingh @ Nidhi @ POTUS @ KingSalman @ BBC @ CNN @ Arab_News @ rsprasad @ sambitswaraj @ thetimes @ timesofindia @ republic @ TheSiasatDaily @ KTRTRS @_Shiv_bagwan_ @ dawahbyicodehttps://twitter.com/AnasIly36972260/status/932283404640387072 …;;@ @ @ @ @ @ @ @ @ @ @ @ @ @ @ @_Shiv_bagwan_ @;#;9,32E+17;https://twitter.com/AnasIly36972260/status/932283441395122176;
;19.11.17 17:13;0;0;# lovejihadfight @ narendramodi @ rajnathsingh @ Nidhi @ POTUS @ KingSalman @ BBC @ CNN @ Arab_News @ rsprasad @ sambitswaraj @ thetimes @ timesofindia @ republic @ TheSiasatDaily @ KTRTRS @_Shiv_bagwan_ @ dawahbyicodehttps://twitter.com/AnasIly36972260/status/932277167098019840 …;;@ @ @ @ @ @ @ @ @ @ @ @ @ @ @ @_Shiv_bagwan_ @;#;9,32E+17;https://twitter.com/AnasIly36972260/status/932280736219987968;
;19.11.17 17:13;0;0;# lovejihadfight @ narendramodi @ rajnathsingh @ Nidhi @ POTUS @ KingSalman @ BBC @ CNN @ Arab_News @ rsprasad @ sambitswaraj @ thetimes @ timesofindia @ republic @ TheSiasatDaily @ KTRTRS @_Shiv_bagwan_ @ dawahbyicodehttps://twitter.com/AnasIly36972260/status/932277694363942912 …;;@ @ @ @ @ @ @ @ @ @ @ @ @ @ @ @_Shiv_bagwan_ @;#;9,32E+17;https://twitter.com/AnasIly36972260/status/932280709481246720;
;19.11.17 17:13;0;0;# lovejihadfight @ narendramodi @ rajnathsingh @ Nidhi @ POTUS @ KingSalman @ BBC @ CNN @ Arab_News @ rsprasad @ sambitswaraj @ thetimes @ timesofindia @ republic @ TheSiasatDaily @ KTRTRS @_Shiv_bagwan_ @ dawahbyicodehttps://twitter.com/AnasIly36972260/status/932278111705505792 …;;@ @ @ @ @ @ @ @ @ @ @ @ @ @ @ @_Shiv_bagwan_ @;#;9,32E+17;https://twitter.com/AnasIly36972260/status/932280659220951041;
;19.11.17 17:13;0;0;# lovejihadfight @ narendramodi @ rajnathsingh @ Nidhi @ POTUS @ KingSalman @ BBC @ CNN @ Arab_News @ rsprasad @ sambitswaraj @ thetimes @ timesofindia @ republic @ TheSiasatDaily @ KTRTRS @_Shiv_bagwan_ @ dawahbyicodehttps://twitter.com/AnasIly36972260/status/932278917955600384 …;;@ @ @ @ @ @ @ @ @ @ @ @ @ @ @ @_Shiv_bagwan_ @;#;9,32E+17;https://twitter.com/AnasIly36972260/status/932280632452902919;
;19.11.17 17:13;0;0;# lovejihadfight @ narendramodi @ rajnathsingh @ Nidhi @ POTUS @ KingSalman @ BBC @ CNN @ Arab_News @ rsprasad @ sambitswaraj @ thetimes @ timesofindia @ republic @ TheSiasatDaily @ KTRTRS @_Shiv_bagwan_ @ dawahbyicodehttps://twitter.com/AnasIly36972260/status/932279531125161984 …;;@ @ @ @ @ @ @ @ @ @ @ @ @ @ @ @_Shiv_bagwan_ @;#;9,32E+17;https://twitter.com/AnasIly36972260/status/932280597627617281;
;19.11.17 12:06;0;0;Stalking your kids phones is not healthy parenting. What nonsense is the government and education ministry trying to play among self aware secular minded people. # lovejihadfight Talk to your kids, be kind and they'll respect you. No teen respects if their privacy is violated.;;;#;9,32E+17;https://twitter.com/novazed/status/932203316183932928;
;19.11.17 09:28;4;5;This book shd reach to each Hindu Girl & their parents too. V need more efforts to tackle d Social Evil # LoveJihad lets unite against it & eliminate it 2 save society. # lovejihadfight जयपुर: बच्चों में बांटी लव जिहाद से बचाने वाली किताब! via @ aajtak https://aajtak.intoday.in/education/story/rajasthan-government-asked-students-to-visit-spiritual-fair-where-love-jehad-books-distributed-tedu-1-965823.html …;;@;# #;9,32E+17;https://twitter.com/eddiejain_/status/932163743588294656;
;19.11.17 08:25;0;0;# AlauddinKhilji MUJRIM YA NEK https://www.facebook.com/amohammad775/videos/188533081694267/ … # lovejihadfight @ narendramodi @ rajnathsingh @ Nidhi @ POTUS @ KingSalman @ BBC @ CNN @ Arab_News @ rsprasad @ sambitswaraj @ thetimes @ timesofindia @ republic @ TheSiasatDaily @ KTRTRS @_Shiv_bagwan_ @ dawahbyicode;;@ @ @ @ @ @ @ @ @ @ @ @ @ @ @ @_Shiv_bagwan_ @;# #;9,32E+17;https://twitter.com/AnasIly36972260/status/932147914704502784;
;19.11.17 08:15;0;2;# Rajasthan # jaipur # lovejihadfight जयपुर में जारी हिन्दू स्प्रिचवल मेले में विवादित पेंपलेट बांटे जाने पर हंगामा, सरकार के जवाब का इंतजार pic.twitter.com/nRC1q8jvsJ;;;# # #;9,32E+17;https://twitter.com/ashwani_vijay_p/status/932145265749798914;
;19.11.17 08:13;1;0;ये देखिए लव जेहाद की घिनौनी हकीकत ओर ये हकीकत समस्त हिन्दू समाज व अपने परिवार की बहन,बेटीयों को बताएँ व लव जेहाद से अपनी बहन,बेटीयों को बचाए ।। # stand_against # lovejihadfight pic.twitter.com/LHbN57flH9;;;# #;9,32E+17;https://twitter.com/SandepsK/status/932144777063120896;
;19.11.17 08:13;0;0;ये देखिए लव जेहाद की घिनौनी हकीकत ओर ये हकीकत समस्त हिन्दू समाज व अपने परिवार की बहन,बेटीयों को बताएँ व लव जेहाद से अपनी बहन,बेटीयों को बचाए ।। # stand_against # lovejihadfight pic.twitter.com/f1JsC0HDxD;;;# #;9,32E+17;https://twitter.com/SandepsK/status/932144711111815174;
;19.11.17 08:12;0;0;ये देखिए लव जेहाद की घिनौनी हकीकत ओर ये हकीकत समस्त हिन्दू समाज व अपने परिवार की बहन,बेटीयों को बताएँ व लव जेहाद से अपनी बहन,बेटीयों को बचाए ।। # stand_against # lovejihadfight pic.twitter.com/Y1H7cgvmoN;;;# #;9,32E+17;https://twitter.com/SandepsK/status/932144634964275200;
;19.11.17 08:12;0;0;ये देखिए लव जेहाद की घिनौनी हकीकत ओर ये हकीकत समस्त हिन्दू समाज व अपने परिवार की बहन,बेटीयों को बताएँ व लव जेहाद से अपनी बहन,बेटीयों को बचाए ।। # stand_against # lovejihadfight pic.twitter.com/25pEgHA7w7;;;# #;9,32E+17;https://twitter.com/SandepsK/status/932144570451738624;
;19.11.17 08:12;0;0;ये देखिए लव जेहाद की घिनौनी हकीकत ओर ये हकीकत समस्त हिन्दू समाज व अपने परिवार की बहन,बेटीयों को बताएँ व लव जेहाद से अपनी बहन,बेटीयों को बचाए ।। # stand_against # lovejihadfight pic.twitter.com/FppZbJ2qyi;;;# #;9,32E+17;https://twitter.com/SandepsK/status/932144506173931520;
;19.11.17 08:12;0;0;LOVE JIHAD OR LOVE FOR PEACE SECURITY PROSPERITY 3 # lovejihadfight @ narendramodi @ rajnathsingh @ Nidhi @ POTUS @ KingSalman @ BBC @ CNN @ Arab_News @ rsprasad @ sambitswaraj @ thetimes @ timesofindia @ republic @ TheSiasatDaily @ KTRTRS @_Shiv_bagwan_ @ dawahbyicodepic.twitter.com/dmh6iOO1ya;;@ @ @ @ @ @ @ @ @ @ @ @ @ @ @ @_Shiv_bagwan_ @;#;9,32E+17;https://twitter.com/AnasIly36972260/status/932144482505539584;
;19.11.17 08:12;0;0;ये देखिए लव जेहाद की घिनौनी हकीकत ओर ये हकीकत समस्त हिन्दू समाज व अपने परिवार की बहन,बेटीयों को बताएँ व लव जेहाद से अपनी बहन,बेटीयों को बचाए ।। # stand_against # lovejihadfight pic.twitter.com/ZyrtNxDncn;;;# #;9,32E+17;https://twitter.com/SandepsK/status/932144431687335936;
;19.11.17 08:12;0;0;LOVE JIHAD OR LOVE FOR PEACE SECURITY PROSPERITY 2 # lovejihadfight @ narendramodi @ rajnathsingh @ Nidhi @ POTUS @ KingSalman @ BBC @ CNN @ Arab_News @ rsprasad @ sambitswaraj @ thetimes @ timesofindia @ republic @ TheSiasatDaily @ KTRTRS @_Shiv_bagwan_ @ dawahbyicodepic.twitter.com/PwNAJyl2FM;;@ @ @ @ @ @ @ @ @ @ @ @ @ @ @ @_Shiv_bagwan_ @;#;9,32E+17;https://twitter.com/AnasIly36972260/status/932144424535994368;
;19.11.17 08:11;0;0;LOVE JIHAD OR LOVE FOR PEACE SECURITY PROSPERITY 1 # lovejihadfight @ narendramodi @ rajnathsingh @ Nidhi @ POTUS @ KingSalman @ BBC @ CNN @ Arab_News @ rsprasad @ sambitswaraj @ thetimes @ timesofindia @ republic @ TheSiasatDaily @ KTRTRS @_Shiv_bagwan_ @ dawahbyicodepic.twitter.com/2cF0nrsXIN;;@ @ @ @ @ @ @ @ @ @ @ @ @ @ @ @_Shiv_bagwan_ @;#;9,32E+17;https://twitter.com/AnasIly36972260/status/932144363508965376;
;19.11.17 08:11;0;0;ये देखिए लव जेहाद की घिनौनी हकीकत ओर ये हकीकत समस्त हिन्दू समाज व अपने परिवार की बहन,बेटीयों को बताएँ व लव जेहाद से अपनी बहन,बेटीयों को बचाए ।। # stand_against # lovejihadfight pic.twitter.com/jSHRzeyoJA;;;# #;9,32E+17;https://twitter.com/SandepsK/status/932144311013015552;
;19.11.17 08:10;0;0;ये देखिए लव जेहाद की हकीकत ओर ये हकीकत समस्त हिन्दू समाज व अपने परिवार की बहन,बेटीयों को बताएँ व लव जेहाद से अपनी बहन,बेटीयों को बचाए ।। # stand_against # lovejihadfight pic.twitter.com/hmPF6rIGFP;;;# #;9,32E+17;https://twitter.com/SandepsK/status/932144092271714304;
;19.11.17 08:10;1;0;ये देखिए लव जेहाद की हकीकत ओर ये हकीकत समस्त हिन्दू समाज व अपने परिवार की बहन,बेटीयों को बताएँ व लव जेहाद से अपनी बहन,बेटीयों को बचाए ।। # stand_against # lovejihadfight pic.twitter.com/UY4aTsO88y;;;# #;9,32E+17;https://twitter.com/SandepsK/status/932144011640369152;
;19.11.17 08:10;0;0;# lovejihadfight @ narendramodi @ rajnathsingh @ Nidhi @ POTUS @ KingSalman @ BBC @ CNN @ Arab_News @ rsprasad @ sambitswaraj @ thetimes @ timesofindia @ republic @ TheSiasatDaily @ KTRTRS @_Shiv_bagwan_ @ dawahbyicodehttps://twitter.com/AnasIly36972260/status/932143677094240258 …;;@ @ @ @ @ @ @ @ @ @ @ @ @ @ @ @_Shiv_bagwan_ @;#;9,32E+17;https://twitter.com/AnasIly36972260/status/932143985379778560;
;19.11.17 08:09;1;0;ये देखिए लव जेहाद की हकीकत ओर ये हकीकत समस्त हिन्दू समाज व अपने परिवार की बहन,बेटीयों को बताएँ व लव जेहाद से अपनी बहन,बेटीयों को बचाए ।। # stand_against # lovejihadfight pic.twitter.com/8wWOPPEUyt;;;# #;9,32E+17;https://twitter.com/SandepsK/status/932143787182133248;
;19.11.17 08:02;1;2;ये देखिए लव जेहाद की हकीकत ओर ये हकीकत समस्त हिन्दू समाज व अपने परिवार की बहन,बेटीयों को बताएँ व लव जेहाद से अपनी बहन,बेटीयों को बचाए ।। # stand_against # lovejihadfight pic.twitter.com/FRKRzzCQ8w;;;# #;9,32E+17;https://twitter.com/SandepsK/status/932141939901657088;
;19.11.17 06:29;0;2;यह आकड़े अत्यंत ख़तरनाक है इन से सीख लेने कि समस्त धर्मावलंबीयो को आवश्यकता है # lovejihadfight;;;#;9,32E+17;https://twitter.com/theabrocks/status/932118608435490816;
;18.11.17 19:25;0;0;# lovejihadfight Another love jihad? Mumbai model alleges husband forcing her to convert to Islam http://m.indiatoday.in/story/love-jihad-mumbai-model-alleges-husband-forcing-her-to-convert-to-islam/1/1092153.html … via @ indiatoday;;@;#;9,32E+17;https://twitter.com/RaviShukla03/status/931951601488744449;
;18.11.17 14:59;0;0;“Since your mom is not Muslim she is ‘Saitan’.” http://www.financialexpress.com/india-news/what-love-jihad-in-mumbai-former-model-rashmi-shahbazker-makes-shocking-allegations-against-her-muslim-husband/938128/ … # LoveJihad, thanks to the lady for # lovejihadfight;;;# #;9,32E+17;https://twitter.com/anirvanas/status/931884513277353990;
;18.11.17 10:44;0;0;मुंबईतल्या मॉडेलवर पतीकडून मुस्लिम होण्यासाठी दबाव # lovejihadfight पाहा सविस्तर बातमी https://www.youtube.com/watch?v=C36glwzs8aU …;;;#;9,32E+17;https://twitter.com/TV9Marathi/status/931820417982939137;
;18.11.17 09:01;18;22;# LoveJihad should be punished under the provisions of # Rape / # NSA # lovejihadfight http://www.india.com/news/india/love-jihad-former-model-alleges-forceful-conversion-says-husband-tortures-her-for-not-following-islam-2646269/ …;;;# # # #;9,32E+17;https://twitter.com/vinod_bansal/status/931794488250351616;
;18.11.17 08:58;0;1;मुंबई में लव जिहाद: मॉडल के साथ पति करता है पिटाई, जबरन धर्म बदलवाने का भी आरोप # Mumbai # LoveJihad # lovejihadfight http://www.mhone.in/mumbai-model-accuses-husband-of-torturing-her-for-not-converting-to-islam/ …pic.twitter.com/o541GOm2am;;;# # #;9,32E+17;https://twitter.com/mhonenews/status/931793797050073089;
;18.11.17 08:12;0;0;It happens everywhere, not just with poor and young! # lovejihadfight is a must to tacle # LoveJihadhttps://twitter.com/hindujagrutiorg/status/931759140182966272 …;;;# #;9,32E+17;https://twitter.com/vishalparkar/status/931782178555404290;
;18.11.17 08:04;1;1;# LoveJihad # lovejihadfight # lovejihadkajaalhttps://twitter.com/IndiaToday/status/931757170600812545 …;;;# # #;9,32E+17;https://twitter.com/HinduCapitalist/status/931780134318645248;
;18.11.17 07:40;14;14;मॉडल ने पति पर लगाया लव जिहाद का आरोप, कहा- 'धर्म बदलने पर कर रहा मजबूर' http://www.amarujala.com/entertainment/bollywood/former-model-alleges-her-muslim-husband-forced-her-to-follow-his-religion … # lovejihadfight;;;#;9,32E+17;https://twitter.com/AmarUjalaNews/status/931774023913975808;
;18.11.17 07:29;0;2;Love jihad: Mumbai model accuses husband of torturing her for not converting to Islam # lovejihadfight # Newsitisation https://goo.gl/r6NZyH pic.twitter.com/hiNwZfR4Li;;;# #;9,32E+17;https://twitter.com/newsitisation/status/931771322941652993;
;18.11.17 07:16;0;2;This women is the well known example or victim of LOVE JIHAD for young Hindu Girls. Her muslim husbund embarrassing him for to accept islam !! # lovejihadfight # lovejihadinkerala # lovejihadBYislamhttps://twitter.com/vsurywanshi87/status/931765652917960704 …;;;# # #;9,32E+17;https://twitter.com/Rohanagrawl/status/931768098692120576;
;18.11.17 06:54;2;1;देखिये लव जिहाद की सचाई # lovejihadfight # GujaratElections https://www.bhaskar.com/maharashtra/news/MH-PUN-HMU-ex-model-accused-his-husband-for-love-jihad-at-mumbai-5748922-NOR.html?ref=ht …;;;# #;9,32E+17;https://twitter.com/babasehgul/status/931762535325360129;
;18.11.17 06:49;0;0;मॉडल ने पति पर जबरन धर्म परिवर्तन का लगाया आरोप, कहा- प्रेग्नेंट होने के बावजूद भी पीटा http://www.haribhoomi.com/news/love-jihad-mumbai-former-model-alleges-that-her-muslim-husband-force-to-change-religion …... # Mumbai # LoveJihad # lovejihadfight # CrimeNews # modelpic.twitter.com/YfChPDUMHR;;;# # # # #;9,32E+17;https://twitter.com/HaribhoomiNews/status/931761182171545600;
;17.11.17 19:26;0;1;hindumuslim beef ayodhyamandir BabriMasjid bharatmatakijai bandematram lovejihadfight intolerante opreationromeo But where is employment????;;;;9,32E+17;https://twitter.com/Pramodraj23/status/931589300436660224;
;15.11.17 19:42;3;1;only way to stop this is by mass awareness..hindu parents need to recognize love jihad,population jihad... # lovejihadfight;;;#;9,31E+17;https://twitter.com/seeker_21/status/930868624562143232;
;13.11.17 17:39;0;0;# India # HindiNews # Hindi # LoveJihad # lovejihadfight # lovejihadkajaal reat it at http://www.vidarbhachandika.com pic.twitter.com/h4ml2hKTxl;;;# # # # # #;9,30E+17;https://twitter.com/VidarbhaC/status/930112975163330566;
;13.11.17 05:59;3;2;क्या केरल में लव जिहाद के तार आईएस से जुड़े हुए हैं? # ISIS # LoveJihad # lovejihadfight # AajKaAgenda;;;# # # #;9,30E+17;https://twitter.com/Zee_Hindustan/status/929936719876468737;
;12.11.17 04:09;0;1;तू दुर्गा बन, तू काली बन, तू हिंदू शेरनी बन, या चाहे झाँसी की रानी बन, जो भी चाहे बन बस बुरखेवा ली बनकर, लव जिहाद की शिकार मत बन # lovejihadfight # LoveJihadInKerala # lovejihadkajaal;;;# # #;9,30E+17;https://twitter.com/pk4323/status/929546760371892224;
;11.11.17 09:46;0;0;# LoveJihad # lovejihadfight # lovejihadinkerala # lovejihad # girls # Indians # SeculariumOfCongress # RadicalIslam # womensafety # hindumassmurderpic.twitter.com/21HoOYwvSM;;;# # # # # # # # # #;9,29E+17;https://twitter.com/Hare_Krishna_rg/status/929269148378472448;
;11.11.17 00:18;0;1;This says a story. Is RSS workers in kannur is so pious and gentle form of mankind? http://m.indiatoday.in/lite/story/explosion-rashtriya-swayamsevak-sangh-worker-kannur-koothuparamba/1/1086364.html … # RSSTerror # Demonetization # lovejihadinkerala # lovejihadfight # RSSFeed # BJPMoneyLaunderingDay;;;# # # # # #;9,29E+17;https://twitter.com/anukrishnasau/status/929126229097058304;
;10.11.17 14:01;1;1;one more # lovejihadfight https://twitter.com/ANI/status/928963974552477697 …;;;#;9,29E+17;https://twitter.com/rajattwittes/status/928970798185947136;
;10.11.17 10:50;2;2;It is sad to see that government is more concerned in removing poor then poverty. , # FridayFeeling They are more concerned with fake topics like # TipuJayanti # lovejihadfight # hinduMuslimpic.twitter.com/0ayGt5OLAT;;;# # # #;9,29E+17;https://twitter.com/Desi_White007/status/928922782112428032;
;09.11.17 06:35;6;3;लव जिहाद यह सच्चाई अभिभावकों को बच्चों को बताना चाहिए। नहीं तो यह संख्या बढ़ती ही जाएगी। # lovejihadfight pic.twitter.com/2BeOV32RN5;;;#;9,28E+17;https://twitter.com/Tanushr34075534/status/928496365734281216;
;08.11.17 16:45;0;0;# Kerala # lovejihadfight # lovejihadinkerala # GodsOwnCountry # kannur https://twitter.com/ShankhNaad/status/928207720951439360 …;;;# # # # #;9,28E+17;https://twitter.com/RasasViKa/status/928287407023067136;
;07.11.17 14:01;0;0;# lovejihadfight # hindusofttarget https://twitter.com/AsYouNotWish/status/927839165177217024 …;;;# #;9,28E+17;https://twitter.com/AjtiwariTiwari/status/927883795319197696;
;06.11.17 09:34;2;3;K...v...e Bhagao Beti Bachao Ab Bhi samajh Jao Nahi to Bhaad me Jao # lovejihadfight;;;#;9,27E+17;https://twitter.com/parin_rawal/status/927454199167590403;
;06.11.17 06:00;0;0;He also did # lovejihad itne meethe bol isko maaf hai kya # lovejihadfight # hypocrisy career b chalana hai;;;# # #;9,27E+17;https://twitter.com/safderwahab/status/927400173306658817;
;06.11.17 03:15;1;0;# lovejihadfight https://twitter.com/ShankhNaad/status/927261336022614017 …;;;#;9,27E+17;https://twitter.com/AsUrNotWish/status/927358649172938753;
;04.11.17 15:38;0;0;Ghar se jyada bahar betiyo ki hifazat karne ki jarurat hai # lovejihadfight jago hinduo pic.twitter.com/1wf40T9bwb;;;#;9,27E+17;https://twitter.com/shubham14927132/status/926820993833738242;
;03.11.17 18:28;0;9;Click the link to watch the debate on # lovejihadfight https://twitter.com/TheSamirAbbas/status/926488029774123008 …;;;#;9,27E+17;https://twitter.com/vinod_bansal/status/926501277344833536;
;03.11.17 16:59;0;0;क्या इस लड़की को अब हम फिर से पहले जैसे अपना सकते हैं?क्या कोई हिन्दू लड़का इससे शादी करेगा? # lovejihadfight http://indianexpress.com/article/india/rajasthan-high-court-love-jihad-marriage-leaves-hindu-girls-family-stunned-muslim-boys-family-silent-4920186/ …;;;#;9,26E+17;https://twitter.com/guptagiii/status/926478982626787333;
;02.11.17 04:10;1;0;Acting on plea alleging ‘love jihad’, Rajasthan HC orders FIR, probe. # lovejihadfight http://indianexpress.com/article/india/acting-on-plea-alleging-love-jihad-rajasthan-hc-orders-fir-probe-hadiya-kerala-forcible-conversion-islam-4918415/ …;;;#;9,26E+17;https://twitter.com/ketan72/status/925923049177694208;
;01.11.17 17:05;1;2;# lovejihadfight | when ISIS is fighting a battle to enter India and it's doing so in Kerala via love jihad, we should unite! pic.twitter.com/pCXH6BMzhL;;;#;9,26E+17;https://twitter.com/AshishJ07801494/status/925755810050744321;
;01.11.17 12:27;98;2;केंद्रीय मंत्री # RaviShankarPrasad: केरल में ' # LoveJihad ' के नाम पर आतंकवादी गतिविधियां चल रही हैं। # LoveJihadInKerala # lovejihadfight pic.twitter.com/vmhWnLRWiC;;;# # # #;9,26E+17;https://twitter.com/ptimeshindi/status/925685798661267457;
;01.11.17 06:19;0;0;Our marriage proves that the idea of love jihad is fake, says Kerala Hindu woman who wed Muslim man https://scroll.in/article/855145/our-marriage-proves-that-the-idea-of-love-jihad-is-fake-says-kerala-hindu-woman-who-wed-muslim-man … # lovejihadfight;;;#;9,26E+17;https://twitter.com/JagudEye/status/925593042198958080;
;31.10.17 20:51;0;1;No doubt # CPM is patronizing Islamists in Kerala,but # Hindus r real ass,easily misguided by d vicious Mullahs&bcome Muslim # LoveJihadFight;;;# # #;9,25E+17;https://twitter.com/JyotirvidI/status/925450236880809984;
;31.10.17 19:17;0;0;# BanPFI # PFI # Terrorists # ConversionFactory # SatyaSarani # LoveJihad # lovejihadinkerala # LoveJihadFight https://twitter.com/rahulkanwal/status/925350129254535168 …;;;# # # # # # # #;9,25E+17;https://twitter.com/Drg_nn/status/925426549985124352;
;31.10.17 19:04;0;0;# BanPFI # PFI # Terrorists # ConversionFactory # SatyaSarani # LoveJihad # lovejihadinkerala # LoveJihadFight https://twitter.com/RituRathaur/status/925422223677984768 …;;;# # # # # # # #;9,25E+17;https://twitter.com/Drg_nn/status/925423136295739393;
;31.10.17 17:05;0;0;# LoveJihadFight why Hindu Girl leave Their Religion? Force can't do that..;;;#;9,25E+17;https://twitter.com/Ranask35/status/925393379839451138;
;31.10.17 17:05;0;0;# LoveJihadFight why Hindu Girl leave Their Religion? Force can't do that..;;;#;9,25E+17;https://twitter.com/Ranask35/status/925393318485278721;
;31.10.17 17:05;0;0;# LoveJihadFight why Hindu Girl leave Their Religion? Force can't do that..;;;#;9,25E+17;https://twitter.com/Ranask35/status/925393278475706368;
;31.10.17 17:05;0;0;# LoveJihadFight why Hindu Girl leave Their Religion? Force can't do that..;;;#;9,25E+17;https://twitter.com/Ranask35/status/925393230157332480;
;31.10.17 17:04;0;0;# LoveJihadFight why Hindu Girl leave Their Religion? Force can't do that..;;;#;9,25E+17;https://twitter.com/Ranask35/status/925393077782511622;
;31.10.17 11:17;0;0;@ shahid_siddiqui check out. Is it figment of imagination anymore? # LoveJihadFight https://twitter.com/rahulkanwal/status/925304598683779073 …;;@;#;9,25E+17;https://twitter.com/kaynyk/status/925305622391873536;
;31.10.17 10:48;0;0;2 news channel 1 debate on # LoveJihadFight other on # MumbaiStampede. One claims to be the No.1 Wonder if someday the no1 will host # BigBoss;;;# # #;9,25E+17;https://twitter.com/with_due_R/status/925298457753010176;
;31.10.17 06:19;0;0;"Quran has established our rights on all women of the world"" What sick mentality is this? Is Kerala sounding the death knell for Hindus? pic.twitter.com/h6E0vxp8aP # LoveJihadFight""";;;#;9,25E+17;https://twitter.com/AsUrNotWish/status/925230844649922560;
;31.10.17 05:22;0;0;# LoveJihadFight It is an organised crime. From when do those who keep their women in burkha started believing in freedom of love?;;;#;9,25E+17;https://twitter.com/smokapur/status/925216410938126336;
;31.10.17 03:15;0;1;Love jihad maybe a reality but true love transcending religious boundaries is a reality too. # LoveJihadFight https://amp.scroll.in/article/855145/our-marriage-proves-that-the-idea-of-love-jihad-is-fake-says-kerala-hindu-woman-who-wed-muslim-man …;;;#;9,25E+17;https://twitter.com/juhidua/status/925184425117212673;
;31.10.17 03:00;0;0;Many Hindu girls in # Kerala r brainwashed & converted to Islam by # LoveJihad & used as a terrorist. It's a trap ! # Hadiya @ Kuvalayamala https://twitter.com/ShankhNaad/status/924923010649165825/photo/1pic.twitter.com/BSe0HwzHcx @ Ramesh_hjs # LoveJihad # LoveJihadFight # LoveJehadCase;;@ @;# # # # # #;9,25E+17;https://twitter.com/AsUrNotWish/status/925180668560232449;
;30.10.17 22:23;0;1;This is Palestine.. # Palestine # Palestinians # facesofpalestine # FreePalestine # HumanRights # LoveJihadFight # LoveBombpic.twitter.com/6GN69YmlET;;;# # # # # # #;9,25E+17;https://twitter.com/DianaKhader89/status/925111023132205057;
;30.10.17 22:23;0;0;For all those in denial - it was tried on a 16 year old girl in my relatives. I can share verifiable details # LoveJihadFight;;;#;9,25E+17;https://twitter.com/GlobingGuy/status/925111005981507584;
;30.10.17 21:57;0;1;# LoveJihad is nothing but an interreligious marriage that didn't worked # LoveJihadFight;;;# #;9,25E+17;https://twitter.com/DildaarSid/status/925104458513764353;
;30.10.17 21:18;1;3;inke bare me kuchh bolenge? # LoveJehadCase # LoveJihadFight @OfficeOfRG @ narendramodi @ myogiadityanathpic.twitter.com/QGpgndklqb;;@OfficeOfRG @ @;# #;9,25E+17;https://twitter.com/sauhem26/status/925094617426444288;
;30.10.17 20:18;0;0;Nw new strategy been took over 2 keep ‘U’ engaged in those! # Rohingyas # lovejihadfight Hope our PM‘ll b relaxed by den! Bt v’ll keep askin u;;;# #;9,25E+17;https://twitter.com/mullasalmang/status/925079358867492870;
;30.10.17 20:11;0;0;# LoveJihadFight Sure thr must b cases of forcd convrsion, but nauseating debates on it cause more long term harm 2 our multicultural society;;;#;9,25E+17;https://twitter.com/sjsgrewal/status/925077796686368768;
;30.10.17 20:06;0;0;# LoveJihadFight pic.twitter.com/7Z6lHmST1f;;;#;9,25E+17;https://twitter.com/deepak_bansal11/status/925076508237971456;
;30.10.17 19:54;0;0;# lovejihadfight zeenat apa apne asli rang me aa gai showing her true colour;;;#;9,25E+17;https://twitter.com/sunnygupte/status/925073456647016449;
;30.10.17 19:48;0;0;They will never find fault in conversion of Hindus, why not protest on conversion by pseudo lobby? # lovejihadfight;;;#;9,25E+17;https://twitter.com/zutarch/status/925072010039869441;
;30.10.17 19:47;0;0;# LoveJihadFight isn't curtailed to forced conversion but also to formation of terrorist s outfits, incorrect meanings of Jihad is spread!;;;#;9,25E+17;https://twitter.com/gurudashing/status/925071684452753408;
;30.10.17 19:47;0;0;# LoveJihadFight Mr. Sambit patra you sells your groom that's why so many Hindu girls love and prefer Muslim guy you ban your dowry demands;;;#;9,25E+17;https://twitter.com/ZaidiRoshan/status/925071614743527425;
;30.10.17 19:42;0;0;@ republic in first place calls so many panelists for debate n then allows everyone to speak over each other, COMPLETE CHAOS # lovejihadfight;;@;#;9,25E+17;https://twitter.com/HinduEktaa/status/925070351205244928;
;30.10.17 19:34;0;0;Kerala has every radical activity, educated run for jihad , complaints r enough to dig Roots ! # lovejihadfight;;;#;9,25E+17;https://twitter.com/zutarch/status/925068391118807040;
;30.10.17 19:30;0;0;No, IF court finds OK, take girls liability on being trapped ! Faith is not towing courts !! # lovejihadfight;;;#;9,25E+17;https://twitter.com/zutarch/status/925067294966931456;
;30.10.17 19:24;1;0;Tipu Sultan the love jihad king? -Junglistan blog # lovejihadfight # LoveJehadCase # TipuSultan # Tipu # keralalovejihad http://jasooskutty.blogspot.in/2017/10/tipu-sultan-love-jihad-king.html …;;;# # # # #;9,25E+17;https://twitter.com/JasoosKutty/status/925065782421209092;
;30.10.17 19:19;0;0;# LoveJihadFight sunil chopra,John Dayal be deported to pakistan or china,be their choice;;;#;9,25E+17;https://twitter.com/anilsshelar1/status/925064592341975042;
;30.10.17 19:17;0;0;# LoveJihadFight;;;#;9,25E+17;https://twitter.com/anilsshelar1/status/925064043701846017;
;30.10.17 19:02;0;0;Retweeted Republic ( @ republic): # LoveJihadFight | SC used the words 'forced conversions a reality'. Let us not... http://fb.me/13bn4AKl7;;@;#;9,25E+17;https://twitter.com/AjitsinhJagirda/status/925060451725033472;
;30.10.17 19:02;0;0;Retweeted Republic ( @ republic): # LoveJihadFight Forced conversion is a reality that's been ongoing for a long... http://fb.me/3bmFvlXl3;;@;#;9,25E+17;https://twitter.com/AjitsinhJagirda/status/925060423077863424;
;30.10.17 19:00;0;0;Retweeted Republic ( @ republic): # LoveJihadFight | In Bandra area there are over 20 notaries who are crorepatis... http://fb.me/9CDeiV2hY;;@;#;9,25E+17;https://twitter.com/AjitsinhJagirda/status/925059886085390336;
;30.10.17 19:00;0;0;Retweeted Republic ( @ republic): # LoveJihadFight After they marry the girl goes to Syria! Wha kind of marriage is... http://fb.me/DLZL38Pd;;@;#;9,25E+17;https://twitter.com/AjitsinhJagirda/status/925059837175537664;
;30.10.17 18:59;0;0;Retweeted Republic ( @ republic): # LoveJihadFight: Is India still in denial on Love Jihad? pic.twitter.com/YETQz08b9m http://fb.me/QJQxOmqY;;@;#;9,25E+17;https://twitter.com/AjitsinhJagirda/status/925059613279502338;
;30.10.17 18:59;0;0;Retweeted Republic ( @ republic): # LoveJihadFight SC directly implied it doesn't have faith in Kerala Police & for... http://fb.me/1Iq8dh5Gb;;@;#;9,25E+17;https://twitter.com/AjitsinhJagirda/status/925059547999301632;
;30.10.17 18:59;0;0;Retweeted Republic ( @ republic): # LoveJihadFight: Love or 'psychological kidnapping'? pic.twitter.com/f2n7b9myOf http://fb.me/7LeFPrTBJ;;@;#;9,25E+17;https://twitter.com/AjitsinhJagirda/status/925059528487346176;
;30.10.17 18:59;0;0;Retweeted Republic ( @ republic): # LoveJihadFight | There's a design to change the democracy of Kerala: Dr Sambit... http://fb.me/1hIfYEj7u;;@;#;9,25E+17;https://twitter.com/AjitsinhJagirda/status/925059492722515968;
;30.10.17 18:58;0;0;Retweeted Republic ( @ republic): # LoveJihadFight | If there are people before the camera saying this has... http://fb.me/7sIOR9kfJ;;@;#;9,25E+17;https://twitter.com/AjitsinhJagirda/status/925059433524183040;
;30.10.17 18:58;0;0;Retweeted Republic ( @ republic): # LoveJihadFight If the truth is there are forced conversions, then it's wrong!... http://fb.me/1TEEaJGSQ;;@;#;9,25E+17;https://twitter.com/AjitsinhJagirda/status/925059394924036099;
;30.10.17 18:57;1;4;# lovejihadfight is now trending in India https://www.trendsmap.com/r/IN_ancvzc pic.twitter.com/lpx0vI0t44;;;#;9,25E+17;https://twitter.com/TrendsmapIndia/status/925059057001562112;
;30.10.17 18:48;0;0;Retweeted Republic ( @ republic): # LoveJihadFight | When ISIS is fighting a battle to enter India and it's doing... http://fb.me/9lj3iHyHz;;@;#;9,25E+17;https://twitter.com/AjitsinhJagirda/status/925056938022277120;
;30.10.17 18:48;0;0;this is reality, The more you run away from it, the more harmful it will be, so fight against # LoveJihad, # LoveJihadFight, @ sambitswaraj;;@;# #;9,25E+17;https://twitter.com/MishraJi_1986/status/925056781222428672;
;30.10.17 18:47;0;0;" # LoveJihadFight What's your view on Love Jihad? Is India still in denial over it? pic.twitter.com/0dB4wcNnem"" # news # latest # india ww…""";;;# # # #;9,25E+17;https://twitter.com/Amit_A_Teli/status/925056601190535168;
;30.10.17 18:46;0;0;# LoveJihadFight Hindus MUST unite & speak in one voice, only then they can safe guard themselves , & avoid the history to repeate.;;;#;9,25E+17;https://twitter.com/raghu19957/status/925056388232970240;
;30.10.17 18:46;0;0;# LoveJihadFight Ask the clerics, what would be there reaction if the situation is reverse. Hindu boy and muslim girl? Will they accept it?;;;#;9,25E+17;https://twitter.com/ranasangramsing/status/925056256305381376;
;30.10.17 18:42;0;0;@ sambitswaraj , # LoveJihad is reality in indian subcontinental, This is happening under a conspiracy, # LoveJihadFight,;;@;# #;9,25E+17;https://twitter.com/MishraJi_1986/status/925055438923563008;
;30.10.17 18:42;0;0;# LoveJihadFight Cant understand why girls r attracted to बकरा दाढ़ी and man in dress code and बुर्का for themself;;;#;9,25E+17;https://twitter.com/nadbraham/status/925055228809904128;
;30.10.17 18:41;0;1;# LoveJihadFight Make a Rule- whenever a Muslim marries a Hindu, he/she will have to covert to Hinduism - all love & marriage will disappear!;;;#;9,25E+17;https://twitter.com/silent_crusade1/status/925055192902590465;
;30.10.17 18:41;0;0;Love jihad is a reality in Kerala and in india,Islamic groups are funding money for guys who involved in this # LoveJihadFight;;;#;9,25E+17;https://twitter.com/Remesh_Hind/status/925055052082954240;
;30.10.17 18:39;0;0;# LoveJihadFight philanthropy conversion started in India with the arrival of Teresa,now jihad activist using Love as keypoint # dollordidit;;;# #;9,25E+17;https://twitter.com/RSR_MeriDuniya/status/925054641066328065;
;30.10.17 18:39;25;56;# LoveJihadFight What's your view on Love Jihad? Is India still in denial over it? pic.twitter.com/ouCqzQr6dR;;;#;9,25E+17;https://twitter.com/republic/status/925054573504479232;
;30.10.17 18:31;0;0;# LoveJihadFight Forceful conversion aganist islam then why the terrorist aurangzeb used sword for conversion of billions;;;#;9,25E+17;https://twitter.com/nadbraham/status/925052620451954688;
;30.10.17 18:30;0;0;# Lovejihadfight http://fb.me/6iyQYp7uV;;;#;9,25E+17;https://twitter.com/ideeputiwari/status/925052290607865856;
;30.10.17 18:28;0;0;# LoveJihadFight one mothers bleeding heart the debating people cannot listen nor understand?? pic.twitter.com/MqTuADfnFv;;;#;9,25E+17;https://twitter.com/RahulK172/status/925051673885552640;
;30.10.17 18:26;0;0;# LoveJihadFight Forced Conversion is anti Islamic. Then the Muslim rulers who converted Hindus are proved to be UnIslamic Right? Like Tippu.;;;#;9,25E+17;https://twitter.com/RajendrarajaR/status/925051316522467328;
;30.10.17 18:25;0;0;# LoveJihadFight Complaints from multiple state govts and alleged links to ISIS shows that unbiased investigation is needed for sure!;;;#;9,25E+17;https://twitter.com/Bhaarateeyaa/status/925051118710800386;
;30.10.17 18:25;0;3;"# LoveJihadFight When d decision is against d Hindus, Muslim respect the Court; when it's against them, it's against their const right. :)";;;#;9,25E+17;https://twitter.com/rajpadma/status/925051083306647552;
;30.10.17 18:24;0;2;# LoveJihadFight ISIS are not directly attacking india but find its indirect way to enter in India through Love Jihad JAGO HINDU JAGO;;;#;9,25E+17;https://twitter.com/VinayCSharma4/status/925050894583963648;
;30.10.17 18:23;0;0;# LoveJihadFight Fortunately India got right PM at right time. Now people think If pseudos would have continued, what would have happened;;;#;9,25E+17;https://twitter.com/Gurukshthra/status/925050626710503424;
;30.10.17 18:23;0;6;# LoveJihadFight Parents of kerala are really afraid of this now. Central govt shld take immediate step to stop this.;;;#;9,25E+17;https://twitter.com/reshmarajeev23/status/925050502454198272;
;30.10.17 18:22;0;0;# LoveJihadFight I hate Muslims;;;#;9,25E+17;https://twitter.com/Sonukryadav1991/status/925050297717637120;
;30.10.17 18:22;0;10;Hey @ republic, what u mean by # LoveJihadFight? There is no FIGHT in Love & # LoveJihad is a politically motivated word&u use it apolitically!;;@;# #;9,25E+17;https://twitter.com/MachoMaestro/status/925050257406287872;
;30.10.17 18:22;0;0;" # LoveJihadFight | If there are people before the camera saying this has happened, then why don't you believe it?: Acharya Dr Vikramaditya""…""";;;#;9,25E+17;https://twitter.com/Amit_A_Teli/status/925050238896877570;
;30.10.17 18:21;0;0;# LoveJihadFight If force-able conversion is unconstitutional , why some of our religious clerics encourage it covertly ?;;;#;9,25E+17;https://twitter.com/VijayNakhasi/status/925050087151091712;
;30.10.17 18:20;0;0;Your arguments are so poor, you have zero credibility in any argument, always away from reality # LoveJihadFight;;;#;9,25E+17;https://twitter.com/pruthapartha/status/925049744552005632;
;30.10.17 18:19;14;47;# LoveJihadFight | If there are people before the camera saying this has happened, then why don't you believe it?: Acharya Dr Vikramaditya;;;#;9,25E+17;https://twitter.com/republic/status/925049627845345280;
;30.10.17 18:19;0;0;# LoveJihadFight The entire muslim population of bengal,bangladesh,assam, orissa is bcoz of kaala pahad ,1st case of love jihad;;;#;9,25E+17;https://twitter.com/anshul_aliganj/status/925049624510918656;
;30.10.17 18:19;0;0;# lovejihadfight fuddu anchoring a fuddu debate;;;#;9,25E+17;https://twitter.com/Surendr62669002/status/925049601635237889;
;30.10.17 18:19;0;0;# LoveJihadFight It is a good suggestion if we could have anti-conversion law imposed in the country like India .;;;#;9,25E+17;https://twitter.com/VijayNakhasi/status/925049588146253824;
;30.10.17 18:19;0;0;# LoveJihadFight Destroyers from within. Enough is enough. Stop these anti Indian forces, who want constitution only for their agenda;;;#;9,25E+17;https://twitter.com/VeeJay331/status/925049584442675200;
;30.10.17 18:19;0;0;# LoveJihadFight;;;#;9,25E+17;https://twitter.com/chandrankoova/status/925049523759587328;
;30.10.17 18:19;0;0;# LoveJihadFight @ republic;;@;#;9,25E+17;https://twitter.com/HonestInAlLSens/status/925049414837776384;
;30.10.17 18:18;0;0;# LoveJihadFight # LoveJehadCase # Kerala;;;# # #;9,25E+17;https://twitter.com/RasasViKa/status/925049217764139008;
;30.10.17 18:17;0;0;" # LoveJihadFight If the truth is there are forced conversions, then it's wrong! Forced conversions must never happen!: Dr Zeenat Shaukat Al…""";;;#;9,25E+17;https://twitter.com/Amit_A_Teli/status/925049135614570497;
;30.10.17 18:17;0;0;" # LoveJihadFight | Investigation by NIA must happen and whatever is the truth must come out: Dr Zeenat Shaukat Ali http://www.republicworld.com/livetv ""…""";;;#;9,25E+17;https://twitter.com/Amit_A_Teli/status/925049128903696385;
;30.10.17 18:17;0;0;" # LoveJihadFight | There's a design to change the democracy of Kerala: Dr Sambit Patra, BJP http://www.republicworld.com/livetv "" # news # latest # india w…""";;;# # # #;9,25E+17;https://twitter.com/Amit_A_Teli/status/925049122964598784;
;30.10.17 18:17;0;0;Centre says parental authority can be invoked in cases where someone is manipulated or indoctrinated # LoveJihadFight;;;#;9,25E+17;https://twitter.com/kannan978634553/status/925049120217186304;
;30.10.17 18:17;0;0;" # LoveJihadFight: Love or 'psychological kidnapping'? pic.twitter.com/tVfsunURVo"" # news # latest # india http://www.couponsgod.in""";;;# # # #;9,25E+17;https://twitter.com/Amit_A_Teli/status/925049117126135808;
;30.10.17 18:17;0;0;" # LoveJihadFight SC directly implied it doesn't have faith in Kerala Police & for unbiased investigation NIA had to step in: Dr Sambit Patr…""";;;#;9,25E+17;https://twitter.com/Amit_A_Teli/status/925049111686107142;
;30.10.17 18:17;0;0;" # LoveJihadFight: Is India still in denial on Love Jihad? pic.twitter.com/gTT5TXNnYb"" # news # latest # india http://www.couponsgod.in""";;;# # # #;9,25E+17;https://twitter.com/Amit_A_Teli/status/925049107575689216;
;30.10.17 18:17;0;0;" # LoveJihadFight | One can't stop adults of different religions from marrying by giving a fancy name like 'Love Jihad': Saira Shah Halim"" …""";;;#;9,25E+17;https://twitter.com/Amit_A_Teli/status/925049100126519302;
;30.10.17 18:17;0;0;# LoveJihadFight please regulate the debate - switch mikes off after a stipulated period;;;#;9,25E+17;https://twitter.com/krupashanker/status/925049035047682050;
;30.10.17 18:17;13;44;# LoveJihadFight If the truth is there are forced conversions, then it's wrong! Forced conversions must never happen!: Dr Zeenat Shaukat Ali;;;#;9,25E+17;https://twitter.com/republic/status/925048951996166144;
;30.10.17 18:16;0;0;# lovejihadfight If a muslim girl loves and marries a man of another faith will the muslim clergy allow conversion of the girl to his faith;;;#;9,25E+17;https://twitter.com/Swami_64/status/925048746554966017;
;30.10.17 18:16;9;23;# LoveJihadFight | Investigation by NIA must happen and whatever is the truth must come out: Dr Zeenat Shaukat Ali http://www.republicworld.com/livetv;;;#;9,25E+17;https://twitter.com/republic/status/925048735670743040;
;30.10.17 18:16;0;1;# LoveJihadFight A law shld be enforced that hindu cant be converted to any other religion these love jehadis come on line .;;;#;9,25E+17;https://twitter.com/AdityaS54246743/status/925048660345233408;
;30.10.17 18:15;0;0;# LoveJihadFight Yes, India is in denial mode on Love Jihad;;;#;9,25E+17;https://twitter.com/gsrsanthigiri/status/925048645828755456;
;30.10.17 18:15;0;0;# LoveJihadFight rajeev lochan ray was the 1st case of loveJihad,became Kaala Pahad after conversion, killed everyone who refused to convert;;;#;9,25E+17;https://twitter.com/anshul_aliganj/status/925048629672386560;
;30.10.17 18:15;0;0;# LoveJihadFight this maulana Rashidi is ruining the debate by screaming incessantly;;;#;9,25E+17;https://twitter.com/krupashanker/status/925048570385907712;
;30.10.17 18:15;0;0;"if some Hindu right wing group does some ghar wapsi""/relg conversn these same apologists who deny LJ would jump over roof # LoveJihadFight""";;;#;9,25E+17;https://twitter.com/kvarathan1305/status/925048556565794816;
;30.10.17 18:15;0;0;# LoveJihadFight Verytrue but we shud b watchful of unfolding events always to avoid such conversion doesnt take place as a matter of routine https://twitter.com/republic/status/925047429413482497 …;;;#;9,25E+17;https://twitter.com/Captaindksingh/status/925048457059975168;
;30.10.17 18:14;0;0;# LoveJihadFight immediate steps shld be taken up that a hindu cant be converted to any other religion .;;;#;9,25E+17;https://twitter.com/AdityaS54246743/status/925048342245269505;
;30.10.17 18:14;0;0;The 24-year-old homeopathic doctor Hadiya Shafin, born Akhila Ashokan, who married Shafin Jahan without her family’s consent last December. She was allegedly recruited by the Islamic State terrorist group and her husband was only a stooge. # LoveJihadFight;;;#;9,25E+17;https://twitter.com/kannan978634553/status/925048276075687937;
;30.10.17 18:14;0;0;# LoveJihadFight These people deny all their atrocities. Std. tactics carry out atrocities and deny them outright. Read real IndianHistory;;;#;9,25E+17;https://twitter.com/VeeJay331/status/925048230676643840;
;30.10.17 18:14;20;51;# LoveJihadFight | There's a design to change the democracy of Kerala: Dr Sambit Patra, BJP http://www.republicworld.com/livetv;;;#;9,25E+17;https://twitter.com/republic/status/925048215547736064;
;30.10.17 18:13;30;53;# LoveJihadFight: Love or 'psychological kidnapping'? pic.twitter.com/ECJE0fArnw;;;#;9,25E+17;https://twitter.com/republic/status/925048101525635072;
;30.10.17 18:13;1;1;# LoveJihadFight Parents anxiety &worry is justified . Put yourself in her parents'place .;;;#;9,25E+17;https://twitter.com/uttrashada/status/925047969925050370;
;30.10.17 18:12;0;1;# loveJihadFight It is evident that despite majority govt. We are not seeing any strong action against love Jihad...let us have strong law...;;;#;9,25E+17;https://twitter.com/VinayCSharma4/status/925047893513269248;
;30.10.17 18:12;0;0;# LoveJihadFight Force-able conversion for radicalization purposes is unislamic . Nobody could be allowed to encourage such conversion .;;;#;9,25E+17;https://twitter.com/VijayNakhasi/status/925047873435181056;
;30.10.17 18:12;35;79;# LoveJihadFight SC directly implied it doesn't have faith in Kerala Police & for unbiased investigation NIA had to step in: Dr Sambit Patra;;;#;9,25E+17;https://twitter.com/republic/status/925047859723976704;
;30.10.17 18:12;0;1;# LoveJihadFight Those against NIA investigation know in their hearts that Kerala is a conversion factory for ISIS @ cpimspeak @ RahulEaswar;;@ @;#;9,25E+17;https://twitter.com/DibyajyotiC19/status/925047752500723712;
;30.10.17 18:12;0;0;When Hindus convert others it is communal.Islam has a political master plan.Hindus beware # LoveJihadFight;;;#;9,25E+17;https://twitter.com/kannan978634553/status/925047732003151872;
;30.10.17 18:12;23;33;# LoveJihadFight: Is India still in denial on Love Jihad? pic.twitter.com/bpIe8mHae9;;;#;9,25E+17;https://twitter.com/republic/status/925047657512427520;
;30.10.17 18:11;0;0;# lovejihadfight the question is how will u judge that the conversion was forceful or not ?;;;#;9,25E+17;https://twitter.com/muktman25/status/925047618924711936;
;30.10.17 18:11;2;12;# LoveJihadFight | One can't stop adults of different religions from marrying by giving a fancy name like 'Love Jihad': Saira Shah Halim;;;#;9,25E+17;https://twitter.com/republic/status/925047573328441344;
;30.10.17 18:11;0;0;# LoveJihadFight hundreds have gone missing.;;;#;9,25E+17;https://twitter.com/CMaheshwaranc/status/925047554542149633;
;30.10.17 18:11;0;0;# LoveJihadFight Here even 80yrs hv no maturity how cn u expect an18yrs to b fully mature Ridiculous !;;;#;9,25E+17;https://twitter.com/uttrashada/status/925047509604429825;
;30.10.17 18:11;0;0;" # LoveJihadFight | We are against conversions. However, one can't stop adults of different religions from marrying: Saira Shah Halim"" # news…""";;;# #;9,25E+17;https://twitter.com/Amit_A_Teli/status/925047468974399490;
;30.10.17 18:11;0;0;" # LoveJihadFight | Muslims of India will be first ones to stand & condemn ISIS. You're trying to bring it here! Maulana Rashidi to Dr Patra…""";;;#;9,25E+17;https://twitter.com/Amit_A_Teli/status/925047467040796672;
;30.10.17 18:11;0;0;" # LoveJihadFight | Love Jihad is meaningless. Govt forcefully wants ISIS to come to India!: Maulana Rashidi http://www.republicworld.com/livetv "" # news …""";;;# #;9,25E+17;https://twitter.com/Amit_A_Teli/status/925047465249792000;
;30.10.17 18:11;0;0;" # LoveJihadFight | I have over 50 videos of boys making others say 'Jai Shri Ram'. Is that not forced conversion? Maulana Rashidi"" # news # l…""";;;# # #;9,25E+17;https://twitter.com/Amit_A_Teli/status/925047462724800512;
;30.10.17 18:11;0;0;It is true that in all parts of world muslim community are doing organised operation to convert people of other religion to muslim and when they reached to 25%. They start demanding freedom and Sariya law. So we should must be aware to this fact. # LoveJihadFight;;;#;9,25E+17;https://twitter.com/kannan978634553/status/925047435793018882;
;30.10.17 18:11;4;11;# LoveJihadFight | We are against conversions. However, one can't stop adults of different religions from marrying: Saira Shah Halim;;;#;9,25E+17;https://twitter.com/republic/status/925047429413482497;
;30.10.17 18:10;0;0;# LoveJihadFight In reality forced conversion or by psychological was happening & still there.Fortunately BJP has come & come to surface;;;#;9,25E+17;https://twitter.com/Gurukshthra/status/925047321464676352;
;30.10.17 18:10;0;0;# LoveJihadFight @ republic SC shud hear the LoveJihad cases with common sense not on technicality of law.Fresh converts are terror recruits;;@;#;9,25E+17;https://twitter.com/anshul_aliganj/status/925047146948182019;
;30.10.17 18:09;2;15;# LoveJihadFight | Muslims of India will be first ones to stand & condemn ISIS. You're trying to bring it here! Maulana Rashidi to Dr Patra;;;#;9,25E+17;https://twitter.com/republic/status/925047090056642560;
;30.10.17 18:09;1;1;# LoveJihadFight NIA has unraveled the whole story behind love jihad in kerala and elsewhere .;;;#;9,25E+17;https://twitter.com/VijayNakhasi/status/925046946858901504;
;30.10.17 18:09;0;0;# LoveJihadFight Bloody double standard bastards Muslims won't allow their daughters to come out as they could find love in other comunity;;;#;9,25E+17;https://twitter.com/RamShar87247427/status/925046894409027584;
;30.10.17 18:08;0;5;# LoveJihadFight | Love Jihad is meaningless. Govt forcefully wants ISIS to come to India!: Maulana Rashidi http://www.republicworld.com/livetv;;;#;9,25E+17;https://twitter.com/republic/status/925046868446289920;
;30.10.17 18:08;0;0;Let her go with the person she love It's love Create awareness among another people not to fall in these traps # LoveJihadFight;;;#;9,25E+17;https://twitter.com/kannan978634553/status/925046868253356032;
;30.10.17 18:08;9;26;हम फोर्सफुल कनवर्सन के खिलाफ हैं, उतना ही भद्दा और झूठा वाक्य है जितना- आतंक का कोई धर्म नहीं होता !! # LoveJihadFight;;;#;9,25E+17;https://twitter.com/iBackModi/status/925046787974479872;
;30.10.17 18:08;1;1;# LoveJihadFight habeas corpse application seeking d presence of hundreds of Hindu girls converted 2Islam wl prove many of them hv disapeared;;;#;9,25E+17;https://twitter.com/CMaheshwaranc/status/925046776251408385;
;30.10.17 18:08;0;0;Guess the panelist / Anchor Suniye, Suniye... sun bhi lijiye, Baith jaiye, Baith jaiye, Mr. Rohingyan ji, Baith jaiye... # LoveJihadFight;;;#;9,25E+17;https://twitter.com/SamirSoni02/status/925046685209939968;
;30.10.17 18:08;1;12;# LoveJihadFight | I have over 50 videos of boys making others say 'Jai Shri Ram'. Is that not forced conversion? Maulana Rashidi;;;#;9,25E+17;https://twitter.com/republic/status/925046675403452416;
;30.10.17 18:07;0;0;# LoveJihadFight Love jihad is continuous since last 20 years or more than that.. Its hardcore fact which is undeniable;;;#;9,25E+17;https://twitter.com/RamShar87247427/status/925046565231722496;
;30.10.17 18:07;0;0;" # LoveJihadFight After they marry the girl goes to Syria! Wha kind of marriage is this?: Sanjeev Punalekar, Advocate …""";;;#;9,25E+17;https://twitter.com/Amit_A_Teli/status/925046560039284736;
;30.10.17 18:07;0;0;" # LoveJihadFight | In Bandra area there are over 20 notaries who are crorepatis only by notarising conversion of girls: Sanjeev Punalekar"" …""";;;#;9,25E+17;https://twitter.com/Amit_A_Teli/status/925046555559759872;
;30.10.17 18:07;0;0;" # LoveJihadFight | Are we denying that when adults give votes by taking money, there's punishment for he who gives money?: Sanjeev Punaleka…""";;;#;9,25E+17;https://twitter.com/Amit_A_Teli/status/925046551466082304;
;30.10.17 18:07;0;0;" # LoveJihadFight | I've not come across a single case of forced conversion througout my years of practice: Khan Abdul Wahab, Senior Lawyer""…""";;;#;9,25E+17;https://twitter.com/Amit_A_Teli/status/925046546382639104;
;30.10.17 18:07;22;44;# LoveJihadFight After they marry the girl goes to Syria! Wha kind of marriage is this?: Sanjeev Punalekar, Advocate http://www.republicworld.com/livetv;;;#;9,25E+17;https://twitter.com/republic/status/925046434923032577;
;30.10.17 18:06;0;0;# LoveJihadFight this is a dangerous pln by extremists to change the demographics of india,and brainwash young minds;;;#;9,25E+17;https://twitter.com/tarunadda/status/925046375254859776;
;30.10.17 18:06;0;0;# IndiaWithVeterans से सीधा # lovejihadfight पे आ गए;;;# #;9,25E+17;https://twitter.com/vishalrohatgi1/status/925046266945527818;
;30.10.17 18:06;0;0;# LoveJihadFight Irony muslim men marries with hindu girl it's love well done When hindu boy marries wid muslim girl Beheading riot starts;;;#;9,25E+17;https://twitter.com/ankushKchoubey/status/925046196355309568;
;30.10.17 18:05;56;58;# LoveJihadFight | In Bandra area there are over 20 notaries who are crorepatis only by notarising conversion of girls: Sanjeev Punalekar;;;#;9,25E+17;https://twitter.com/republic/status/925046096853794816;
;30.10.17 18:05;0;0;# LoveJihadFight....Kerala is becoming worse than hell becoz of this LoveJihad activity.;;;#;9,25E+17;https://twitter.com/ManishAr01986/status/925046070610092032;
;30.10.17 18:05;0;0;Consent is prime. An adult is free to marry even a terrorist. As long as she hasn't broken a law, the state has no business poking it's nose in her life. # LoveJihadFight;;;#;9,25E+17;https://twitter.com/kannan978634553/status/925045904888946689;
;30.10.17 18:04;0;2;There is no compulsion in Islam path of guidance stand out clear from error Quran @ RahulEaswar # lovejihadfight # Hadiyapic.twitter.com/ZCk0MZvSiQ;;@;# #;9,25E+17;https://twitter.com/ashilbran/status/925045872106151936;
;30.10.17 18:04;0;0;Dari ukhar lo # LoveJihadFight why Hindu girls go to wear SACKS HEAD TO FEET , when you stay so liberal in HINDUISM;;;#;9,25E+17;https://twitter.com/indraneelC28/status/925045690065068032;
;30.10.17 18:03;0;0;# LoveJihadFight Any interfaith love b/w Hindu & Muslim b mandatorìly investg by @ NIA_India bfore marriage @ colkt @AgarwalGya @ drsarangbani;;@ @ @AgarwalGya @;#;9,25E+17;https://twitter.com/gpandey3/status/925045622318796801;
;30.10.17 18:03;3;24;# LoveJihadFight | Are we denying that when adults give votes by taking money, there's punishment for he who gives money?: Sanjeev Punalekar;;;#;9,25E+17;https://twitter.com/republic/status/925045613032378368;
;30.10.17 18:03;0;0;# LoveJihadFight There were no conflicts b4d birth of 2 reli -Islam &Christianity 2000 yrs bfore this planet was abso peaceful;;;#;9,25E+17;https://twitter.com/uttrashada/status/925045563959029760;
;30.10.17 18:03;0;0;# lovejihadfight yes love jihad exists in every part of india,;;;#;9,25E+17;https://twitter.com/muktman25/status/925045500285394944;
;30.10.17 18:03;0;0;Girl agrees good the boy agrees good love in the air even better. BUT let's go for honeymoon to Syria. PRICELESS I SLAM # lovejihadfight;;;#;9,25E+17;https://twitter.com/SpankITagain/status/925045457054609408;
;30.10.17 18:03;0;0;# LoveJihadFight Let the Hindus remain as Hindus.Islam need not convert other religious people either forcibly or by way of psychologically;;;#;9,25E+17;https://twitter.com/Gurukshthra/status/925045445146984448;
;30.10.17 18:02;1;6;# LoveJihadFight | I've not come across a single case of forced conversion througout my years of practice: Khan Abdul Wahab, Senior Lawyer;;;#;9,25E+17;https://twitter.com/republic/status/925045327706578944;
;30.10.17 18:02;5;10;# LoveJihadFight Forced Conversions are happening. @ narendramodi govt should bring in a law;;@;#;9,25E+17;https://twitter.com/mohnotgaurav18/status/925045186245173253;
;30.10.17 18:02;0;0;" # LoveJihadFight When no forced conversion, willingness to marry & secular democracy, then I believe 'Jab pyaar kiya toh darna kya?': Dr Al…""";;;#;9,25E+17;https://twitter.com/Amit_A_Teli/status/925045174048317440;
;30.10.17 18:02;0;0;" # LoveJihadFight | There were people like Romeo-Juliet and Majnu-Laila who fell in love and there were opposing forces: Dr Zeenat Shaukat A…""";;;#;9,25E+17;https://twitter.com/Amit_A_Teli/status/925045171674341376;
;30.10.17 18:02;0;0;" # LoveJihadFight | Anyone who is converted to cut off hands and legs cannot be countenance: Dr Zeenat Shaukat Ali http://www.republicworld.com/livetv "" …""";;;#;9,25E+17;https://twitter.com/Amit_A_Teli/status/925045167731675136;
;30.10.17 18:01;0;0;# LoveJihadFight Muslims girls won't be alowed to Be a doctor engineer etc as they go out for Studies they could be met love with odr cmunity;;;#;9,25E+17;https://twitter.com/RamShar87247427/status/925045116330393600;
;30.10.17 18:01;0;0;# LoveJihadFight when there is a debate on Love Jihad/Islam no muslim takes the other side..all are on one side.;;;#;9,25E+17;https://twitter.com/ganguli/status/925044983400251392;
;30.10.17 18:01;0;10;# LoveJihadFight When no forced conversion, willingness to marry & secular democracy, then I believe 'Jab pyaar kiya toh darna kya?': Dr Ali;;;#;9,25E+17;https://twitter.com/republic/status/925044901166776320;
;30.10.17 17:59;0;0;@ republic In kerala & boarder area states there is # LoveJihadFight is going on with a conspiracy of islamization of india .save#IND;;@;# #IND;9,25E+17;https://twitter.com/sanjays96624777/status/925044600909086720;
;30.10.17 17:59;0;0;# lovejihadfight it's a sajish against Hindu as well as bhart;;;#;9,25E+17;https://twitter.com/SubodhK81118165/status/925044474195075072;
;30.10.17 17:59;0;13;# LoveJihadFight | There were people like Romeo-Juliet and Majnu-Laila who fell in love and there were opposing forces: Dr Zeenat Shaukat Ali;;;#;9,25E+17;https://twitter.com/republic/status/925044440183406592;
;30.10.17 17:59;0;0;One one side we have Zakir Naik preaching Islam and on the other we have love jihad. Still few claim India is no longer safe for minorities. # LoveJihadFight.;;;#;9,25E+17;https://twitter.com/SrinathSRajan/status/925044432151310336;
;30.10.17 17:58;0;0;# LoveJihadFight The people in black coats must not b biased &b aware of d malicious dedigns o a particular community;;;#;9,25E+17;https://twitter.com/uttrashada/status/925044372105601024;
;30.10.17 17:58;0;1;Some day Gods Own Country will be called ISIS Devils own country, Why Kerala media (esp TV) silent on this issue # LoveJihadFight;;;#;9,25E+17;https://twitter.com/kvarathan1305/status/925044342930264064;
;30.10.17 17:58;0;0;Don't see # lovejihadfight;;;#;9,25E+17;https://twitter.com/anuraggf/status/925044254992490497;
;30.10.17 17:58;0;4;If love is blind why need to convert ? You love each other and love each others religion # lovejihadfight;;;#;9,25E+17;https://twitter.com/venuvakeel/status/925044191973007362;
;30.10.17 17:57;5;8;# LoveJihadFight | Anyone who is converted to cut off hands and legs cannot be countenance: Dr Zeenat Shaukat Ali http://www.republicworld.com/livetv;;;#;9,25E+17;https://twitter.com/republic/status/925044092475551749;
;30.10.17 17:57;0;0;# LoveJihadFight Like some officers spoil good progrms of NaMo, Arnab's Dbt is deliberately spoilt by his own cameramen/ crew @ premasridevi;;@;#;9,25E+17;https://twitter.com/VenkatGiri9/status/925044028734709760;
;30.10.17 17:57;0;0;# LoveJihadFight YES;;;#;9,25E+17;https://twitter.com/lakshmanvuppala/status/925043934149066752;
;30.10.17 17:57;0;2;Arnab is acting like he is Chief Justice of India # lovejihadfight;;;#;9,25E+17;https://twitter.com/jugnukhans/status/925043895054028800;
;30.10.17 17:56;0;0;" # LoveJihadFight | Any type of forced conversion is against the tenets of Islam: Dr Zeenat Shaukat Ali http://www.republicworld.com/livetv "" # news # late…""";;;# # #;9,25E+17;https://twitter.com/Amit_A_Teli/status/925043779899482113;
;30.10.17 17:56;0;0;" # LoveJihadFight: The debate with Arnab is on air and online. Share your views! pic.twitter.com/Kox20aNEAE"" # news # latest # india www.couponsgo…""";;;# # # #;9,25E+17;https://twitter.com/Amit_A_Teli/status/925043776997023744;
;30.10.17 17:56;0;0;" # LoveJihadFight | Has NIA's investigation and status report proved beyond a doubt that Love Jihad is a reality?… https://twitter.com/i/web/status/925043514601193472 …"" …""";;;#;9,25E+17;https://twitter.com/Amit_A_Teli/status/925043773666676737;
;30.10.17 17:56;0;0;" # LoveJihadFight | Despite marriage being a 'personal affair', shouldn't victimised women's plea for help be answere… …""";;;#;9,25E+17;https://twitter.com/Amit_A_Teli/status/925043770479054848;
;30.10.17 17:56;0;0;" # LoveJihadFight | Is producing the victims directly in court the best way to ensure justice is delivered? What's yo… …""";;;#;9,25E+17;https://twitter.com/Amit_A_Teli/status/925043767589122050;
;30.10.17 17:56;0;0;" # LoveJihadFight | With SC asking for Hadiya to be produced, will the truth finally emerge on Love Jihad? Fire in yo… …""";;;#;9,25E+17;https://twitter.com/Amit_A_Teli/status/925043763600379904;
;30.10.17 17:56;0;0;# LoveJihadFight Muslim boys only lure to young girls and convert them in Muslim religion.;;;#;9,25E+17;https://twitter.com/NeerajK04716465/status/925043757577265152;
;30.10.17 17:56;2;10;# LoveJihadFight | Any type of forced conversion is against the tenets of Islam: Dr Zeenat Shaukat Ali http://www.republicworld.com/livetv;;;#;9,25E+17;https://twitter.com/republic/status/925043657576652805;
;30.10.17 17:56;11;23;# LoveJihadFight: The debate with Arnab is on air and online. Share your views! pic.twitter.com/ICOcICMzEK;;;#;9,25E+17;https://twitter.com/republic/status/925043655886348288;
;30.10.17 17:55;0;0;@ republic # LoveJihadFight Please see an example where 2 ppl in love are talking what Arnab said in his show. @ sambitswaraj @ KTHopkins https://twitter.com/KTHopkins/status/923521728072093696 …;;@ @ @;#;9,25E+17;https://twitter.com/Guy_4m_UP/status/925043564110929920;
;30.10.17 17:55;0;3;Arnab : Did Romeo Tell Juliet That Juliet I Will Now Teach You How To Behead People # LoveJihadFight # SimplyArnab;;;# #;9,25E+17;https://twitter.com/KhushiKadri/status/925043553037721601;
;30.10.17 17:55;0;0;Kerala govt will accept reality & take action only after ISIS trained/converted terrorists do their action in Sabarimala # LoveJihadFight;;;#;9,25E+17;https://twitter.com/kvarathan1305/status/925043538978660354;
;30.10.17 17:55;0;1;# LoveJihadFight Children between d age of 13-19 r d most vulnerable ,can b allured &b fooled These jihadis prey upon girls at this age;;;#;9,25E+17;https://twitter.com/uttrashada/status/925043533047672832;
;30.10.17 17:55;9;9;# LoveJihadFight | Has NIA's investigation and status report proved beyond a doubt that Love Jihad is a reality? http://www.republicworld.com/livetv pic.twitter.com/lMbWyrRzcb;;;#;9,25E+17;https://twitter.com/republic/status/925043514601193472;
;30.10.17 17:55;0;0;Why the pseudo secularlist are silent this is big plot is to disturb our country # lovejihadfight;;;#;9,25E+17;https://twitter.com/RaviSha19582370/status/925043408879566848;
;30.10.17 17:55;0;1;# LoveJihadFight After such mass messages I request Hindu girls please beware nd choose carefully.'Love' this word is a great bluff in itself;;;#;9,25E+17;https://twitter.com/sunandasuklas/status/925043388889493504;
;30.10.17 17:54;12;22;# LoveJihadFight | Despite marriage being a 'personal affair', shouldn't victimised women's plea for help be answered? pic.twitter.com/VK1lvYaqxw;;;#;9,25E+17;https://twitter.com/republic/status/925043144894267392;
;30.10.17 17:54;0;0;# LoveJihadFight History tells how islamic invasions happened & Islam spread. So India cannot afford to fall into the same ditch again.;;;#;9,25E+17;https://twitter.com/Gurukshthra/status/925043119191502849;
;30.10.17 17:53;6;10;# LoveJihadFight | Is producing the victims directly in court the best way to ensure justice is delivered? What's your view? pic.twitter.com/Eh45U8uCXn;;;#;9,25E+17;https://twitter.com/republic/status/925042969186418688;
;30.10.17 17:53;0;0;Conversn thru Coersion itself is indirect+forced conv Kerala left govt will accept reality ONLY after a big bang by ISis # LoveJihadFight;;;#;9,25E+17;https://twitter.com/kvarathan1305/status/925042922294272001;
;30.10.17 17:53;0;0;I am very happy to see that at least one indian media ready to debate the fact and real treat's to india # LoveJihadFight;;;#;9,25E+17;https://twitter.com/Ravisha72747063/status/925042903314923520;
;30.10.17 17:53;0;1;And The Next Minute Arnab Goes # Sambit Please Don’t Be Provocative Dont Pass Such Comments # SimplyArnab # LoveJihadFight https://twitter.com/khushikadri/status/925042169492021248 …;;;# # #;9,25E+17;https://twitter.com/KhushiKadri/status/925042886348910592;
;30.10.17 17:53;0;0;@ republic # lovejihadfight.MUSLIM Youth Love Jihad A Conspiracy Of MUSLIM Convert H/tan To M/tan With Help Of Anti HINDU SECULAR Parties.;;@;#;9,25E+17;https://twitter.com/Shawarmalagarw2/status/925042874701324289;
;30.10.17 17:52;130;96;Every indian woman (even Hindus) were with Muslim women fighting # TripleTalaq but now when # LoveJihadFight is happening with Hindu girls not even one muslim woman incl Zeenat Shaukat Ali is with these girls! Hypocrisy anyone? So SAD!;;;# #;9,25E+17;https://twitter.com/sunnykrishi/status/925042817675673601;
;30.10.17 17:52;0;1;# LoveJihadFight Has been their since the time of Moguls https://twitter.com/republic/status/925042377965813760 …;;;#;9,25E+17;https://twitter.com/HIMESH_SS/status/925042788940398593;
;30.10.17 17:52;0;0;Sad we are blind at this serious issue # LoveJihadFight;;;#;9,25E+17;https://twitter.com/shantanusen13/status/925042787304669184;
;30.10.17 17:52;8;9;# LoveJihadFight | With SC asking for Hadiya to be produced, will the truth finally emerge on Love Jihad? Fire in your views! pic.twitter.com/tc9FkZHARg;;;#;9,25E+17;https://twitter.com/republic/status/925042725270962176;
;30.10.17 17:52;0;0;# lovejihadfight those who keep their women in Burkha have no right to talk of love by free will;;;#;9,25E+17;https://twitter.com/smokapur/status/925042705440190465;
;30.10.17 17:52;0;0;# LoveJihadFight For ISIS it's their love story scripted to convert & radicalize in Kerala @ cpimspeak @ CMOKerala @ republic @ sambitswaraj;;@ @ @ @;#;9,25E+17;https://twitter.com/DibyajyotiC19/status/925042616575520768;
;30.10.17 17:52;2;3;"Watching # lovejihadfight at @ republic. None of them r mentioning abt  freedom & rights of # Hadiya as a citizen of India "" @ RahulEaswar""";;@ @;# #;9,25E+17;https://twitter.com/ashilbran/status/925042616067956737;
;30.10.17 17:51;0;0;" # LoveJihadFight | We should unite rather than close our eyes in the name of fake secularism: Dr Sambit Patra, BJP http://www.republicworld.com/livetv ""…""";;;#;9,25E+17;https://twitter.com/Amit_A_Teli/status/925042580450168832;
;30.10.17 17:51;0;0;" # LoveJihadFight | When ISIS is fighting a battle to enter India and it's doing so in Kerala via Love Jihad, we should unite!: Dr Patra"" # n…""";;;# #;9,25E+17;https://twitter.com/Amit_A_Teli/status/925042578571059200;
;30.10.17 17:51;0;0;" # LoveJihadFight | I believe that a society that closes its eyes when the storm is upon it is doomed: Dr Sambit Patra, BJP"" # news # latest #…""";;;# # # #;9,25E+17;https://twitter.com/Amit_A_Teli/status/925042576650104832;
;30.10.17 17:51;0;0;" # LoveJihadFight | Is the government only formed to look at things in one way?: Maulana Rashidi http://www.republicworld.com/livetv "" # news # latest # ind…""";;;# # # #;9,25E+17;https://twitter.com/Amit_A_Teli/status/925042565434441728;
;30.10.17 17:51;0;0;" # LoveJihadFight So many cases are coming!: Acharya Dr Vikramaditya -- Prove it in the court!: Tahira Hasan, Activist …""";;;#;9,25E+17;https://twitter.com/Amit_A_Teli/status/925042562804715520;
;30.10.17 17:51;40;144;# LoveJihadFight | We should unite rather than close our eyes in the name of fake secularism: Dr Sambit Patra, BJP http://www.republicworld.com/livetv;;;#;9,25E+17;https://twitter.com/republic/status/925042377965813760;
;30.10.17 17:50;0;0;https://www.youtube.com/watch?v=95GxhqjHZ3E … # LoveJihadFight;;;#;9,25E+17;https://twitter.com/TheStud9/status/925042357095030789;
;30.10.17 17:50;0;0;I am very happy to see that at least one indian media ready to debate the fact and real treat's to india#LoveJihadFight;;;#LoveJihadFight;9,25E+17;https://twitter.com/Ravisha72747063/status/925042296239751169;
;30.10.17 17:50;0;0;1300 yrs ago there were no Muslims in Hindustan. Every Citizen of India has HINDU ancestry. # lovejihadfight;;;#;9,25E+17;https://twitter.com/mrajasth/status/925042240036229120;
;30.10.17 17:50;2;1;# LoveJihadFight Don't take a simple curiousity &teenager's infatuation as love .Love comes with maturity !by d time she is mature it wi b l;;;#;9,25E+17;https://twitter.com/uttrashada/status/925042212894687232;
;30.10.17 17:50;105;391;# LoveJihadFight | When ISIS is fighting a battle to enter India and it's doing so in Kerala via Love Jihad, we should unite!: Dr Patra;;;#;9,25E+17;https://twitter.com/republic/status/925042204376145920;
;30.10.17 17:50;0;0;@ sambitswaraj Talking About Let’s Talk To Each Other With Courtesy On The Debate # LOL # ROFL # LoveJihadFight pic.twitter.com/ffjrJbmhRy;;@;# # #;9,25E+17;https://twitter.com/KhushiKadri/status/925042169492021248;
;30.10.17 17:50;1;0;# lovejihadfight Maulana is saying that Pandit Ji is abusing constitution of India.... What about triple talaq....;;;#;9,25E+17;https://twitter.com/xshubh95/status/925042154338115584;
;30.10.17 17:49;3;5;# LoveJihadFight Arnab pl.do some real service to India ,never bring jihadi moulvis, tahiras etcs to such debates this mars the spirit of it.;;;#;9,25E+17;https://twitter.com/DrKshamakaul/status/925041996007215104;
;30.10.17 17:49;0;0;Pyar Wayar Kuch nahi hota hai , sabh Hawas hai , Characterless Mollas # LoveJihadFight https://twitter.com/IndraneelC28/status/925041331939840000 …;;;#;9,25E+17;https://twitter.com/indraneelC28/status/925041942550867968;
;30.10.17 17:49;47;196;# LoveJihadFight | I believe that a society that closes its eyes when the storm is upon it is doomed: Dr Sambit Patra, BJP;;;#;9,25E+17;https://twitter.com/republic/status/925041914436493312;
;30.10.17 17:48;0;0;# LoveJihadFight जिहाद की ये नई मोडस ओपरेंडी है।;;;#;9,25E+17;https://twitter.com/vandan1671/status/925041705581187072;
;30.10.17 17:47;1;2;# LoveJihadFight | Is the government only formed to look at things in one way?: Maulana Rashidi http://www.republicworld.com/livetv;;;#;9,25E+17;https://twitter.com/republic/status/925041582033682432;
;30.10.17 17:46;0;0;Pyar byar kuch nahi hota hai , kya muslim comm ledki nahi hai kya ? Why do Muslim need Hindu girl characterless Mollas # LoveJihadFight;;;#;9,25E+17;https://twitter.com/indraneelC28/status/925041331939840000;
;30.10.17 17:46;0;0;# LoveJihadFight Girls in 18 r teens &r still hv impressionable mind that cn b psychologically kidnapped;;;#;9,25E+17;https://twitter.com/uttrashada/status/925041324448825344;
;30.10.17 17:46;0;0; # LoveJihadFight | The highest court of the country will decide;" you won't decide!: Tahira Hasan to panellists who call Love Jihad a realit…""";;;#;9,25E+17;https://twitter.com/Amit_A_Teli/status/925041245084356608
;30.10.17 17:46;0;0;" # LoveJihadFight | moral values can't override constitutional rights!: Tahira Hasan http://www.republicworld.com/livetv "" # news # latest # india www.coupo…""";;;# # # #;9,25E+17;https://twitter.com/Amit_A_Teli/status/925041239958917120;
;30.10.17 17:46;0;0;# LoveJihadFight certain vested interest is hell bent in destroying the nation by denying the facts that really is dividing the nation.;;;#;9,25E+17;https://twitter.com/zuty17313/status/925041236255293440;
;30.10.17 17:46;0;0;" # LoveJihadFight | If 18-year-olds can vote and decide the fate of the country, they can decide who they marry!: Tahira Hasan, Activist"" # n…""";;;# #;9,25E+17;https://twitter.com/Amit_A_Teli/status/925041235106123776;
;30.10.17 17:46;0;5;# LoveJihadFight So many cases are coming!: Acharya Dr Vikramaditya -- Prove it in the court!: Tahira Hasan, Activist http://www.republicworld.com/livetv;;;#;9,25E+17;https://twitter.com/republic/status/925041232413310977;
;30.10.17 17:46;0;0;" # LoveJihadFight Forced conversion is a reality that's been ongoing for a long period of time: Rahul Easwar, Activist …""";;;#;9,25E+17;https://twitter.com/Amit_A_Teli/status/925041230634942464;
;30.10.17 17:46;6;7;# LoveJihadFight Objective is to make Hinduism extinct.Beware! Victims of Love Jihad ,fights in Afganistan & ISIS. Who Protect Kerala hindus?;;;#;9,25E+17;https://twitter.com/vinewz/status/925041197168521216;
;30.10.17 17:45;0;2;If SomeOne Is Ready To Change Their Religion In Love They Will Change Themselves Too Dont Trust Them # LoveJihadFight # Republic;;;# #;9,25E+17;https://twitter.com/KhushiKadri/status/925041071758835712;
;30.10.17 17:45;2;12;"# LoveJihadFight | The highest court of the country will decide; you won't decide!: Tahira Hasan to panellists who call Love Jihad a reality";;;#;9,25E+17;https://twitter.com/republic/status/925040936534421504;
;30.10.17 17:45;1;1;# LoveJihadFight I regret to say that our courts hv only one track mindset They must refer t d psychologists in such cases 18 yrs still n i;;;#;9,25E+17;https://twitter.com/uttrashada/status/925040924702359552;
;30.10.17 17:45;0;0;Truly Love is blind but why do Muslim men convert their Hindu spouse? # lovejihadfight;;;#;9,25E+17;https://twitter.com/mrajasth/status/925040918415183872;
;30.10.17 17:45;0;0;# LoveJihadFight. YES. EVERY ADULT HAS D RIGHT 2 FOLLOW ANY FAITH & MARRY A PERSON OF HIS/HER CHOICE BUT SURELY NOT UNDER COERCION @ republic;;@;#;9,25E+17;https://twitter.com/VIJAYARAM39/status/925040899817484288;
;30.10.17 17:45;0;0;# LoveJihadFight There's conversion, there's Islamic radicalization & there's no Love. @ cpimspeak @ BJP4India @ RahulEaswar @ sambitswaraj;;@ @ @ @;#;9,25E+17;https://twitter.com/DibyajyotiC19/status/925040852182843392;
;30.10.17 17:44;0;0;# LoveJihadFight Do it the other way Muslim to Hindus the way to go forward as their ancestors are Hindus.;;;#;9,25E+17;https://twitter.com/ranganath_27/status/925040814933229568;
;30.10.17 17:44;1;2;# LoveJihadFight | moral values can't override constitutional rights!: Tahira Hasan http://www.republicworld.com/livetv;;;#;9,25E+17;https://twitter.com/republic/status/925040642148798464;
;30.10.17 17:44;0;0;# LoveJihadFight Love Jihad is a internal terror attack for us.;;;#;9,25E+17;https://twitter.com/anupksarma86/status/925040626244210689;
;30.10.17 17:43;4;7;# LoveJihadFight it is true that LoveJihad and forced conversions are happening in India with the help of fake secular parties @ BJP4India;;@;#;9,25E+17;https://twitter.com/Dugyala27/status/925040584032600065;
;30.10.17 17:43;8;15;# LoveJihadFight | If 18-year-olds can vote and decide the fate of the country, they can decide who they marry!: Tahira Hasan, Activist;;;#;9,25E+17;https://twitter.com/republic/status/925040467422560256;
;30.10.17 17:43;0;1;# LoveJihadFight have seen lot of girls crying videos & also rate cards V are still debatin on it?Why can't v find those girls & give justice;;;#;9,25E+17;https://twitter.com/RahulK172/status/925040452541276160;
;30.10.17 17:43;0;0;An investigation must be conducted by the UN not only India but many western countries are under forced Islamic conversions # lovejihadfight;;;#;9,25E+17;https://twitter.com/mrajasth/status/925040390989807616;
;30.10.17 17:42;0;0;# LoveJihadFight Conversion to Islam is happening in the name of Love. It's an ugly face of Islamic terror @ cpimspeak @ RahulEaswar @ BJP4India;;@ @ @;#;9,25E+17;https://twitter.com/DibyajyotiC19/status/925040229509038081;
;30.10.17 17:42;0;0;Just like terror apologists will condemn terrorism only when their own family members become victims, same way pseudo secul # LoveJihadFight;;;#;9,25E+17;https://twitter.com/kvarathan1305/status/925040184105762816;
;30.10.17 17:42;1;1;# LoveJihadFight 18yrs no age to decide what is good &what is bad for his/her life Still in Teens !In a world of fantasy!;;;#;9,25E+17;https://twitter.com/uttrashada/status/925040172516786177;
;30.10.17 17:42;0;0;# LoveJihadFight Commies Supporting all kinds of Jihad just to oppose BJP, and now they hv transformed in to # Ha-LalSalam;;;# #;9,25E+17;https://twitter.com/AtulMhatre13/status/925040129978253312;
;30.10.17 17:41;16;28;# LoveJihadFight Forced conversion is a reality that's been ongoing for a long period of time: Rahul Easwar, Activist http://www.republicworld.com/livetv;;;#;9,25E+17;https://twitter.com/republic/status/925040056024231936;
;30.10.17 17:41;0;0;# LoveJihadFight@jayanthsagar14 Who is this Lady Saira must be bonkers.she is shouting her lungs out with no substance.shame;;@jayanthsagar14;#;9,25E+17;https://twitter.com/Jayanthsagar14/status/925039957869133824;
;30.10.17 17:41;0;0;" # LoveJihadFight Anybody being forced to convert is wrong & incorrect. However a 24-y-o girl marrying with her choice is her choice: Ms Hal…""";;;#;9,25E+17;https://twitter.com/Amit_A_Teli/status/925039911383822338;
;30.10.17 17:41;0;0;" # LoveJihadFight | SC used the words 'forced conversions a reality'. Let us not deny forced conversions!: Rahul Easwar, Activist"" # news # la…""";;;# # #;9,25E+17;https://twitter.com/Amit_A_Teli/status/925039909169258496;
;30.10.17 17:41;0;0;" # LoveJihadFight | The SC's verdict is clear for all that consent of adult is paramount: Saira Shah Halim http://www.republicworld.com/livetv "" # news # l…""";;;# # #;9,25E+17;https://twitter.com/Amit_A_Teli/status/925039907030093830;
;30.10.17 17:41;0;0;# LoveJihadFight the truth is Muslims either girl or boy not to trusted at all please treat all the cases in court and treat it with special;;;#;9,25E+17;https://twitter.com/InderjitRathore/status/925039888642195456;
;30.10.17 17:41;0;0;# LoveJihadFight is a reality in Kerala.Appeasement politics shies away from admitting this truth.;;;#;9,25E+17;https://twitter.com/zuty17313/status/925039886180089856;
;30.10.17 17:40;0;0;# LoveJihadFight Love Jihad is a reality. Islamic terror is patronizing it at behest of @ cpimspeak @ BJP4India @ RahulEaswar;;@ @ @;#;9,25E+17;https://twitter.com/DibyajyotiC19/status/925039809118199809;
;30.10.17 17:40;0;0;Only when their own kin(daughter/niece/gdaughter) r coerced+converted+used for ISIS jehad the apologists will accept reality # LoveJihadFight;;;#;9,25E+17;https://twitter.com/kvarathan1305/status/925039725571952640;
;30.10.17 17:40;4;19;# LoveJihadFight Anybody being forced to convert is wrong & incorrect. However a 24-y-o girl marrying with her choice is her choice: Ms Halim;;;#;9,25E+17;https://twitter.com/republic/status/925039701303599104;
;30.10.17 17:39;0;0;# LoveJihadFight Akhila's father harassed her? What about all those girls wearing Burkha against their will ? What happens if they refuse ?;;;#;9,25E+17;https://twitter.com/smokapur/status/925039391428427776;
;30.10.17 17:38;30;58;# LoveJihadFight | SC used the words 'forced conversions a reality'. Let us not deny forced conversions!: Rahul Easwar, Activist;;;#;9,25E+17;https://twitter.com/republic/status/925039284595261440;
;30.10.17 17:37;0;0;If you allow four marriages in a religion, # LustJihad is quite natural, forget LOVE... LOL! # LoveJihadFight # LoveJihad # LoveJehadCase # Love;;;# # # # #;9,25E+17;https://twitter.com/SaDaDiXiT/status/925039082681417733;
;30.10.17 17:37;0;0;Problem is some girls are dumb, no solution for that. # LoveJihadFight;;;#;9,25E+17;https://twitter.com/TheStud9/status/925039047835254785;
;30.10.17 17:37;0;0;# LoveJihadFight - LOVE JIHAD an India wide reality transcending all states;;;#;9,25E+17;https://twitter.com/rakeshthaka/status/925039018655465472;
;30.10.17 17:37;6;9;# LoveJihadFight | The SC's verdict is clear for all that consent of adult is paramount: Saira Shah Halim http://www.republicworld.com/livetv;;;#;9,25E+17;https://twitter.com/republic/status/925038968894234625;
;30.10.17 17:36;1;0;# LoveJihadFight;;;#;9,25E+17;https://twitter.com/DrAVSriv/status/925038791332544513;
;30.10.17 17:36;0;0;" # LoveJihadFight — a reality or 'political fiction'? Fire in your views so Arnab can take them on air, here -… https://twitter.com/i/web/status/925038438067273729 …"" # ne…""";;;# #;9,25E+17;https://twitter.com/Amit_A_Teli/status/925038690518360065;
;30.10.17 17:36;0;0;" # LoveJihadFight | Love or 'Psychological kidnapping'? Fire in your views & watch here - http://www.republicworld.com/livetv pic.twitter.com/RQqepnw2pz"" …""";;;#;9,25E+17;https://twitter.com/Amit_A_Teli/status/925038688236687360;
;30.10.17 17:36;0;0;" # LoveJihadFight | What's your view on Love Jihad? Is India still in denial over it? http://www.republicworld.com/livetv pic.twitter.com/PJDWJ4PLOE"" # new…""";;;# #;9,25E+17;https://twitter.com/Amit_A_Teli/status/925038686009470977;
;30.10.17 17:36;0;0;" # LoveJihadFight | Is India still in denial about Love Jihad? Fire in your views and watch The Debate with Arnab -… …""";;;#;9,25E+17;https://twitter.com/Amit_A_Teli/status/925038684025643008;
;30.10.17 17:36;0;0;" # LoveJihadFight | The Debate with Arnab is now LIVE, on air and online, here - http://www.republicworld.com/livetv "" # news # latest # india www.couponsgo…""";;;# # # #;9,25E+17;https://twitter.com/Amit_A_Teli/status/925038680825368577;
;30.10.17 17:36;0;2;Asking Some One To Convert Their Religion Is The Most Selfish Form Of Love # LoveJihadFight # Republic;;;# #;9,25E+17;https://twitter.com/KhushiKadri/status/925038635828649985;
;30.10.17 17:36;0;0;# LoveJihadFight it's religion, which thinks it's growing,some ladies end up in Yemen others are mother's of Muslim kids of Bollywood Hero's!;;;#;9,25E+17;https://twitter.com/JVappala/status/925038606170841088;
;30.10.17 17:35;4;6;# LoveJihadFight Arnab Love Jihad exists and no one has guts to prove along with the helpless poor parents, ask the girls who got escaped.;;;#;9,25E+17;https://twitter.com/RahulK172/status/925038535224131584;
;30.10.17 17:35;1;10;# LoveJihadFight — a reality or 'political fiction'? Fire in your views so Arnab can take them on air, here - http://www.republicworld.com/livetv pic.twitter.com/ZBG59rFY50;;;#;9,25E+17;https://twitter.com/republic/status/925038438067273729;
;30.10.17 17:34;4;12;# LoveJihadFight | Love or 'Psychological kidnapping'? Fire in your views & watch here - http://www.republicworld.com/livetv pic.twitter.com/Ym5YWeQCAy;;;#;9,25E+17;https://twitter.com/republic/status/925038332475711489;
;30.10.17 17:34;0;0;# LoveJihadFight http://www.thenewsminute.com/article/crime-isis-karnataka-men-arrested-kerala-claim-terror-outfit-recruiting-kodagu-70781 …;;;#;9,25E+17;https://twitter.com/Me_Mumbaiker/status/925038304868827136;
;30.10.17 17:34;4;10;# LoveJihadFight | What's your view on Love Jihad? Is India still in denial over it? http://www.republicworld.com/livetv pic.twitter.com/GFh7HZDFsn;;;#;9,25E+17;https://twitter.com/republic/status/925038159963987969;
;30.10.17 17:33;3;8;# LoveJihadFight | Is India still in denial about Love Jihad? Fire in your views and watch The Debate with Arnab - http://www.republicworld.com/livetv pic.twitter.com/hrZ6TcnhJM;;;#;9,25E+17;https://twitter.com/republic/status/925037884670853122;
;30.10.17 17:32;2;8;# LoveJihadFight | The Debate with Arnab is now LIVE, on air and online, here - http://www.republicworld.com/livetv;;;#;9,25E+17;https://twitter.com/republic/status/925037614582743040;
;30.10.17 17:26;0;0;" # LoveJihadFight | Is India in denial on Love Jihad?"" # news # latest # india http://www.couponsgod.in""";;;# # # #;9,25E+17;https://twitter.com/Amit_A_Teli/status/925036197625384960;
;30.10.17 17:25;36;33;# LoveJihadFight | Is India in denial on Love Jihad?;;;#;9,25E+17;https://twitter.com/republic/status/925036036299694080;
;30.10.17 17:16;0;0;Girls r being converted and radicalised & so It is love jihad. But it favours mamta, congress and left & so they r in denial # LoveJihadFight;;;#;9,25E+17;https://twitter.com/ViralP4TEL/status/925033754527137792;
;30.10.17 16:56;0;0;@ Timesnow @ RealArnabG @ BDUTT Its the corrupt,pseudoseculars-Cong,JDS,SP,RJD,NCP,NC,DMK,Left,BSP,AIMM,TMC living in denial # LoveJihadFight;;@ @ @;#;9,25E+17;https://twitter.com/eshangupta2025/status/925028723442597889;
;30.10.17 16:37;1;1;What is your opinion over # LoveJehadCase ? # loveJihadFight @ TimesNow @ republic;;@ @;# #;9,25E+17;https://twitter.com/NationsBallot/status/925023941411815424;
;30.10.17 16:37;1;0;# LoveJihadFight Zainaba says there is no love, no jihad. Girl first became Muslim.The father went to court. The daughter was whisked away1/2;;;#;9,25E+17;https://twitter.com/aruaugust/status/925023815158996993;
;30.10.17 16:36;0;0;Love jihad is a myth & Kerala is in US. Kudos to sickular legends # LoveJihadFight;;;#;9,25E+17;https://twitter.com/amar_jyodh/status/925023554168647680;
;30.10.17 16:35;0;0;# LoveJihadFight शादी के लिये न तो धर्म परिवर्तन मान्य होगा न एसा सम्बन्ध वास्तविक ये तो उकसावे में पूर्व प्रायोजित है। अपराध है।;;;#;9,25E+17;https://twitter.com/Arudhsufi/status/925023418742796288;
;30.10.17 16:33;1;0;# LoveJihadFight we r in 21st century. Why do girls hv2CONVERT to husband’s religion, I cannot fathom. Even Sunil Dutt/Nargis didn’t convert;;;#;9,25E+17;https://twitter.com/aruaugust/status/925022969880965120;
;30.10.17 16:29;0;0;# LoveJihadFight सोचो धर्म परिवर्तन किसी प्रभाव से नहि अन्तरात्मा कि आवाज से ही मान्य होगा!प्यार शादी के लिये/ शर्त पर नहि दबाव में नहि;;;#;9,25E+17;https://twitter.com/Arudhsufi/status/925021934152163328;
;30.10.17 16:28;0;0;# LoveJihadFight only the leftists, pseudo seculars,jihadis are denying the facts,see the love jihad is active much in most educated south;;;#;9,25E+17;https://twitter.com/pradeep4twitt/status/925021702572032000;
;30.10.17 16:27;0;0;# LoveJihadFight it's a reality;;;#;9,25E+17;https://twitter.com/ravindrakumar46/status/925021396576616448;
;30.10.17 16:27;0;0;# LoveJihadFight @ republic The only deterrent to stop the Love Jihad is by having Death Sentence to the accused;;@;#;9,25E+17;https://twitter.com/pankajp7777/status/925021280130256898;
;30.10.17 16:26;0;0;"Is # LoveJihadFight a reality or political fiction? Share us your views with the hashtag and let us know! pic.twitter.com/pOmmjFx9ut"" # news # l…""";;;# # #;9,25E+17;https://twitter.com/Amit_A_Teli/status/925021130833977344;
;30.10.17 16:26;0;0;" # LoveJihadFight | Is India in denial over Love Jihad? Fire in your views and watch here - http://www.republicworld.com/livetv …""";;;#;9,25E+17;https://twitter.com/Amit_A_Teli/status/925021126287380485;
;30.10.17 16:26;0;0;"Big # LoveJihadFight in the highest court. Tweet your views and watch here - http://www.republicworld.com/livetv pic.twitter.com/UYlbIfBbGz"" # news # lates…""";;;# # #;9,25E+17;https://twitter.com/Amit_A_Teli/status/925021123045150720;
;30.10.17 16:25;9;22;Is # LoveJihadFight a reality or political fiction? Share us your views with the hashtag and let us know! pic.twitter.com/WOOkGKS9bg;;;#;9,25E+17;https://twitter.com/republic/status/925020804483444736;
;30.10.17 16:24;11;20;# LoveJihadFight | Is India in denial over Love Jihad? Fire in your views and watch here - http://www.republicworld.com/livetv pic.twitter.com/szyTYjxJJw;;;#;9,25E+17;https://twitter.com/republic/status/925020502225125376;
;30.10.17 16:23;5;5;# LoveJihadFight there is love jihad islamist fooling non Muslims converting n using thm to kil non muslims bcz thy dnt wnt their kids to die;;;#;9,25E+17;https://twitter.com/babaAnkit7/status/925020236406853633;
;30.10.17 16:22;5;14;Big # LoveJihadFight in the highest court. Tweet your views and watch here - http://www.republicworld.com/livetv pic.twitter.com/l3pKHdpXKI;;;#;9,25E+17;https://twitter.com/republic/status/925020118978981889;
;30.10.17 16:21;0;0;" # LoveJihadFight | Agree? Disagree? Share your take so Arnab can take it on air, here - http://www.republicworld.com/livetv pic.twitter.com/62jXStEJr8"" #…""";;;# #;9,25E+17;https://twitter.com/Amit_A_Teli/status/925019797972246529;
;30.10.17 16:21;0;0;" # LoveJihadFight | Is India still in denial on Love Jihad? Share us your views with the hashtag and let us know! pic.twitter.com/cJ6pyY2tdk"" #…""";;;# #;9,25E+17;https://twitter.com/Amit_A_Teli/status/925019794935635969;
;30.10.17 16:20;6;14;# LoveJihadFight | Agree? Disagree? Share your take so Arnab can take it on air, here - http://www.republicworld.com/livetv pic.twitter.com/UpDPiPxSaf;;;#;9,25E+17;https://twitter.com/republic/status/925019528664195072;
;30.10.17 16:19;1;1;# LoveJehadCase # LoveJihadInKerala # LoveJehadCase # LoveJihadFight There should be # law where no # conversion is # allowed to anyone @ PMOIndia;;@;# # # # # # #;9,25E+17;https://twitter.com/SanjayTotlani/status/925019294001278976;
;30.10.17 16:18;13;34;# LoveJihadFight | Is India still in denial on Love Jihad? Share us your views with the hashtag and let us know! pic.twitter.com/6phajwLGkj;;;#;9,25E+17;https://twitter.com/republic/status/925019114225070080;
;30.10.17 16:16;0;0;" # LoveJihadFight | A reality or 'political fiction'? Fire in your views and watch here - http://www.republicworld.com/livetv pic.twitter.com/EF9qYvVQPw"" …""";;;#;9,25E+17;https://twitter.com/Amit_A_Teli/status/925018605712011265;
;30.10.17 16:15;0;0;# LoveJihadFight A vry much scary reality..Pple try 2scale it dwn, brush it under or go in denial..cases have come 2d fore tip of d iceberg?!;;;#;9,25E+17;https://twitter.com/pointponder/status/925018247254089728;
;30.10.17 16:12;5;9;# LoveJihadFight | A reality or 'political fiction'? Fire in your views and watch here - http://www.republicworld.com/livetv pic.twitter.com/Ey9zFUiDgh;;;#;9,25E+17;https://twitter.com/republic/status/925017557764935680;
;30.10.17 16:11;0;0;" # LoveJihadFight | Love or 'Psychological kidnapping'? Fire in your views using the hashtag and Join The Debate with… …""";;;#;9,25E+17;https://twitter.com/Amit_A_Teli/status/925017285164662784;
;30.10.17 16:11;0;0;" # LoveJihadFight | Is India in denial over Love Jihad? What's your view? http://www.republicworld.com/livetv pic.twitter.com/XWSei3M9Uh"" # news # latest # i…""";;;# # # #;9,25E+17;https://twitter.com/Amit_A_Teli/status/925017282304204800;
;30.10.17 16:10;5;14;# LoveJihadFight | Love or 'Psychological kidnapping'? Fire in your views using the hashtag and Join The Debate with Arnab! pic.twitter.com/QUa5PRGqyA;;;#;9,25E+17;https://twitter.com/republic/status/925017011012255744;
;30.10.17 16:10;2;3;India has been in denial for nearly 30 years. It is only now that people even dare to raise a voice against it. # LoveJihadFight;;;#;9,25E+17;https://twitter.com/Wisey_woman/status/925016954360025092;
;30.10.17 16:07;4;13;# LoveJihadFight | Is India in denial over Love Jihad? What's your view? http://www.republicworld.com/livetv pic.twitter.com/oSOcNRa1V2;;;#;9,25E+17;https://twitter.com/republic/status/925016430092808193;
;30.10.17 16:07;2;2;# LoveJihadFight is real. http://m.indiatoday.in/lite/story/kerala-thiruvananthapuram-conversion-forced-marriage/1/1028397.html …;;;#;9,25E+17;https://twitter.com/kaynyk/status/925016375168569344;
;30.10.17 16:06;0;0;" # LoveJihadFight | 'Incidents amount to psychological kidnapping': NIA. What's your view? http://www.republicworld.com/livetv pic.twitter.com/6t02Cx4D3T""…""";;;#;9,25E+17;https://twitter.com/Amit_A_Teli/status/925016139234725888;
;30.10.17 16:04;7;17;# LoveJihadFight | 'Incidents amount to psychological kidnapping': NIA. What's your view? http://www.republicworld.com/livetv pic.twitter.com/nkyX9CesEj;;;#;9,25E+17;https://twitter.com/republic/status/925015562710786048;
;30.10.17 15:56;0;0;" # LoveJihadFight — a reality or 'political fiction'? Fire in your views so Arnab can take them on air, here -… https://twitter.com/i/web/status/925013501654872064 …"" # ne…""";;;# #;9,25E+17;https://twitter.com/Amit_A_Teli/status/925013532118257664;
;30.10.17 15:56;0;0;" # LoveJihadFight | Love or 'Psychological kidnapping'? Fire in your views & get set for The Debate with Arnab here -… …""";;;#;9,25E+17;https://twitter.com/Amit_A_Teli/status/925013525080272896;
;30.10.17 15:56;3;7;# LoveJihadFight — a reality or 'political fiction'? Fire in your views so Arnab can take them on air, here - http://www.republicworld.com/livetv pic.twitter.com/Awwxuau6KU;;;#;9,25E+17;https://twitter.com/republic/status/925013501654872064;
;30.10.17 15:55;3;5;# LoveJihadFight d problem wit love jihad is Conversion to islam leading to ISIS recruitment, sex slavery n jihad against Nation;;;#;9,25E+17;https://twitter.com/wisnoo/status/925013345832378369;
;30.10.17 15:52;6;14;# LoveJihadFight | Love or 'Psychological kidnapping'? Fire in your views & get set for The Debate with Arnab here - http://www.republicworld.com/livetv pic.twitter.com/Q67IuNNHYI;;;#;9,25E+17;https://twitter.com/republic/status/925012501544124416;
;30.10.17 15:51;0;0;" # LoveJihadFight | What's your view on Love Jihad? Is India still in denial over it? http://www.republicworld.com/livetv pic.twitter.com/sJWQtsR3ia"" # new…""";;;# #;9,25E+17;https://twitter.com/Amit_A_Teli/status/925012408917221377;
;30.10.17 15:51;0;0;" # LoveJihadFight | Is India still in denial about Love Jihad? Fire in your views and watch here -… https://twitter.com/i/web/status/925011431266775040 …"" # news # latest #…""";;;# # # #;9,25E+17;https://twitter.com/Amit_A_Teli/status/925012404752306176;
;30.10.17 15:51;3;1;# LoveJihadInKerala # LoveJihadFight its in denial. Its rampant. And its devastating for Women;;;# #;9,25E+17;https://twitter.com/aashishsoni2/status/925012213777215488;
;30.10.17 15:49;3;7;# LoveJihadFight | What's your view on Love Jihad? Is India still in denial over it? http://www.republicworld.com/livetv pic.twitter.com/wvKm8v5fcd;;;#;9,25E+17;https://twitter.com/republic/status/925011854564265984;
;30.10.17 15:48;5;10;# LoveJihadFight | Is India still in denial about Love Jihad? Fire in your views and watch here - http://www.republicworld.com/livetv pic.twitter.com/StWtBCVfFv;;;#;9,25E+17;https://twitter.com/republic/status/925011431266775040;
;30.10.17 12:37;3;3;# lovejihadfight Threat and coercion by religious extremists must be stopped.Quran does not prescribe forced conversion.There is no rule;;;#;9,25E+17;https://twitter.com/Swami_64/status/924963573012430848;
;30.10.17 12:34;2;0;# LoveJihadFight What are the rights of parents from their sons & daughters? Do parents have any rights over their sons & daughters?;;;#;9,25E+17;https://twitter.com/mohantatapan/status/924962592791052288;